-- phpMyAdmin SQL Dump
-- version 4.7.0
-- https://www.phpmyadmin.net/
--
-- Host: localhost
-- Generation Time: Oct 13, 2017 at 05:27 PM
-- Server version: 10.1.25-MariaDB
-- PHP Version: 5.6.31

SET SQL_MODE = "NO_AUTO_VALUE_ON_ZERO";
SET AUTOCOMMIT = 0;
START TRANSACTION;
SET time_zone = "+00:00";


/*!40101 SET @OLD_CHARACTER_SET_CLIENT=@@CHARACTER_SET_CLIENT */;
/*!40101 SET @OLD_CHARACTER_SET_RESULTS=@@CHARACTER_SET_RESULTS */;
/*!40101 SET @OLD_COLLATION_CONNECTION=@@COLLATION_CONNECTION */;
/*!40101 SET NAMES utf8mb4 */;

--
-- Database: `db_dsd`
--

-- --------------------------------------------------------

--
-- Table structure for table `assets`
--

CREATE TABLE `assets` (
  `id` int(11) NOT NULL,
  `file_name` varchar(100) COLLATE utf8_unicode_ci NOT NULL COMMENT 'ชื่อไฟล์',
  `file_type` varchar(15) COLLATE utf8_unicode_ci NOT NULL COMMENT 'ชนิดของไฟล์',
  `full_type` varchar(255) COLLATE utf8_unicode_ci NOT NULL COMMENT 'ลักษณะเต็มของไฟล์',
  `full_path` varchar(255) COLLATE utf8_unicode_ci NOT NULL COMMENT 'ที่อยู่ไฟล์แบบเต็ม',
  `raw_name` varchar(100) COLLATE utf8_unicode_ci NOT NULL COMMENT 'ชื่อไฟล์',
  `orig_name` varchar(100) COLLATE utf8_unicode_ci NOT NULL COMMENT 'ชื่อไฟล์เดิม',
  `client_name` varchar(100) COLLATE utf8_unicode_ci NOT NULL COMMENT 'ชื่อไฟล์ใหม่',
  `file_ext` varchar(10) COLLATE utf8_unicode_ci NOT NULL COMMENT 'นามสกุลไฟล์',
  `file_size` varchar(10) COLLATE utf8_unicode_ci NOT NULL COMMENT 'ขนาดไฟล์',
  `is_image` int(1) NOT NULL COMMENT 'เป็นรูปภาพ',
  `image_width` varchar(4) COLLATE utf8_unicode_ci NOT NULL COMMENT 'ความกว้าง',
  `image_height` varchar(4) COLLATE utf8_unicode_ci NOT NULL COMMENT 'ความสูง',
  `image_type` varchar(8) COLLATE utf8_unicode_ci NOT NULL COMMENT 'ชนิดรูปภาพ',
  `image_size_str` varchar(50) COLLATE utf8_unicode_ci NOT NULL COMMENT 'ขนาดไฟล์แบบข้อความ'
) ENGINE=InnoDB DEFAULT CHARSET=utf8 COLLATE=utf8_unicode_ci;

--
-- Dumping data for table `assets`
--

INSERT INTO `assets` (`id`, `file_name`, `file_type`, `full_type`, `full_path`, `raw_name`, `orig_name`, `client_name`, `file_ext`, `file_size`, `is_image`, `image_width`, `image_height`, `image_type`, `image_size_str`) VALUES
(11, 'a834e2b3247241ced66a089d280de87f.jpg', 'image/jpeg', '', '/Applications/XAMPP/xamppfiles/htdocs/dsd/uploads/attachments/a834e2b3247241ced66a089d280de87f.jpg', 'a834e2b3247241ced66a089d280de87f', '10854938_1412653862379166_6949146549775122244_o.jpg', '10854938_1412653862379166_6949146549775122244_o.jpg', '.jpg', '145.52', 1, '1701', '626', 'jpeg', 'width=\"1701\" height=\"626\"'),
(12, '48306439b0a071e2f21a0ab1282095e9.jpg', 'image/jpeg', '', '/Applications/XAMPP/xamppfiles/htdocs/dsd/uploads/attachments/48306439b0a071e2f21a0ab1282095e9.jpg', '48306439b0a071e2f21a0ab1282095e9', 'IMG_0194.jpg', 'IMG_0194.jpg', '.jpg', '155.8', 1, '1152', '864', 'jpeg', 'width=\"1152\" height=\"864\"'),
(13, '5130cf5de427905ad62ff6135f2073f7.jpg', 'image/jpeg', '', '/Applications/XAMPP/xamppfiles/htdocs/dsd/uploads/attachments/5130cf5de427905ad62ff6135f2073f7.jpg', '5130cf5de427905ad62ff6135f2073f7', '11012945_1441110252866860_3961745365135167872_n.jpg', '11012945_1441110252866860_3961745365135167872_n.jpg', '.jpg', '59.88', 1, '640', '640', 'jpeg', 'width=\"640\" height=\"640\"'),
(14, '1ea3177f80a3161c7bd99fdbfcc21cd3.jpg', 'image/jpeg', '', '/Applications/XAMPP/xamppfiles/htdocs/dsd/uploads/attachments/1ea3177f80a3161c7bd99fdbfcc21cd3.jpg', '1ea3177f80a3161c7bd99fdbfcc21cd3', 'IMG_0716.jpg', 'IMG_0716.jpg', '.jpg', '162.18', 1, '1214', '864', 'jpeg', 'width=\"1214\" height=\"864\"'),
(15, '8dc1c9cbb7687bfe852a4c50992798ff.jpg', 'image/jpeg', '', '/Applications/XAMPP/xamppfiles/htdocs/dsd/uploads/profiles/8dc1c9cbb7687bfe852a4c50992798ff.jpg', '8dc1c9cbb7687bfe852a4c50992798ff', '1f9f5ac9beb47e97a5137782ce4c37cb.jpg', '1f9f5ac9beb47e97a5137782ce4c37cb.jpg', '.jpg', '32.08', 1, '564', '564', 'jpeg', 'width=\"564\" height=\"564\"'),
(16, '85e32e45bddd4ac3c711050d477cfbfe.jpg', 'image/jpeg', '', '/Applications/XAMPP/xamppfiles/htdocs/dsd/uploads/profiles/85e32e45bddd4ac3c711050d477cfbfe.jpg', '85e32e45bddd4ac3c711050d477cfbfe', '21766782_888035141345248_4325208126132483544_n.jpg', '21766782_888035141345248_4325208126132483544_n.jpg', '.jpg', '72.48', 1, '629', '960', 'jpeg', 'width=\"629\" height=\"960\"'),
(17, '0ce4906677f9806d1ee0a85b54d5c6c0.jpg', 'image/jpeg', '', '/Applications/XAMPP/xamppfiles/htdocs/dsd/uploads/profiles/0ce4906677f9806d1ee0a85b54d5c6c0.jpg', '0ce4906677f9806d1ee0a85b54d5c6c0', '21192819_10203732376066715_661543635585608329_n.jpg', '21192819_10203732376066715_661543635585608329_n.jpg', '.jpg', '27.85', 1, '540', '303', 'jpeg', 'width=\"540\" height=\"303\"'),
(18, 'dc27a921afcde93709add60d97f581da.jpg', 'image/jpeg', '', '/Applications/XAMPP/xamppfiles/htdocs/dsd/uploads/attachments/dc27a921afcde93709add60d97f581da.jpg', 'dc27a921afcde93709add60d97f581da', '3c5d15ae391c624136e910fb2d2c992c.jpg', '3c5d15ae391c624136e910fb2d2c992c.jpg', '.jpg', '66.64', 1, '540', '541', 'jpeg', 'width=\"540\" height=\"541\"'),
(19, '2ac309318892b6fbfbb890ad19d34f25.jpg', 'image/jpeg', '', '/Applications/XAMPP/xamppfiles/htdocs/dsd/uploads/attachments/2ac309318892b6fbfbb890ad19d34f25.jpg', '2ac309318892b6fbfbb890ad19d34f25', '9b453e52433d7ad3f5417b59dae8c286.jpg', '9b453e52433d7ad3f5417b59dae8c286.jpg', '.jpg', '41.14', 1, '550', '461', 'jpeg', 'width=\"550\" height=\"461\"'),
(20, '8ac13794008e162b116e169299ffaa40.jpg', 'image/jpeg', '', '/Applications/XAMPP/xamppfiles/htdocs/dsd/uploads/attachments/8ac13794008e162b116e169299ffaa40.jpg', '8ac13794008e162b116e169299ffaa40', '22e818989075accff6cf09340992d8df.jpg', '22e818989075accff6cf09340992d8df.jpg', '.jpg', '27.2', 1, '475', '668', 'jpeg', 'width=\"475\" height=\"668\"'),
(21, 'db718fdca8b64254720bc5d154ca22cf.jpg', 'image/jpeg', '', '/Applications/XAMPP/xamppfiles/htdocs/dsd/uploads/attachments/db718fdca8b64254720bc5d154ca22cf.jpg', 'db718fdca8b64254720bc5d154ca22cf', '1380291a45ad2b4c1360919cf41500ad.jpg', '1380291a45ad2b4c1360919cf41500ad.jpg', '.jpg', '40.4', 1, '480', '640', 'jpeg', 'width=\"480\" height=\"640\"'),
(22, '73eb3f5507efc08ef39ba34fdb15c712.jpg', 'image/jpeg', '', '/Applications/XAMPP/xamppfiles/htdocs/dsd/uploads/attachments/73eb3f5507efc08ef39ba34fdb15c712.jpg', '73eb3f5507efc08ef39ba34fdb15c712', '21192819_10203732376066715_661543635585608329_n.jpg', '21192819_10203732376066715_661543635585608329_n.jpg', '.jpg', '27.85', 1, '540', '303', 'jpeg', 'width=\"540\" height=\"303\"'),
(23, '51856a415914b4f5b546b009a96043fe.jpg', 'image/jpeg', '', '/Applications/XAMPP/xamppfiles/htdocs/dsd/uploads/attachments/51856a415914b4f5b546b009a96043fe.jpg', '51856a415914b4f5b546b009a96043fe', '21766782_888035141345248_4325208126132483544_n.jpg', '21766782_888035141345248_4325208126132483544_n.jpg', '.jpg', '72.48', 1, '629', '960', 'jpeg', 'width=\"629\" height=\"960\"'),
(24, '59e397ff9a3be1318693ee85ac47416b.jpg', 'image/jpeg', '', '/Applications/XAMPP/xamppfiles/htdocs/dsd/uploads/attachments/59e397ff9a3be1318693ee85ac47416b.jpg', '59e397ff9a3be1318693ee85ac47416b', 'a92b4801c68a52560624df23f583717d.jpg', 'a92b4801c68a52560624df23f583717d.jpg', '.jpg', '41.43', 1, '564', '564', 'jpeg', 'width=\"564\" height=\"564\"'),
(25, 'e7f47ff33d72a31077d8bf4b9e06d1c4.jpg', 'image/jpeg', '', '/Applications/XAMPP/xamppfiles/htdocs/dsd/uploads/attachments/e7f47ff33d72a31077d8bf4b9e06d1c4.jpg', 'e7f47ff33d72a31077d8bf4b9e06d1c4', 'a439c7e4833c0dec9c7980df04910914.jpg', 'a439c7e4833c0dec9c7980df04910914.jpg', '.jpg', '44.85', 1, '467', '720', 'jpeg', 'width=\"467\" height=\"720\"'),
(26, '803c81e67ebb077a2bb7c5cde809fe9a.jpg', 'image/jpeg', '', '/Applications/XAMPP/xamppfiles/htdocs/dsd/uploads/attachments/803c81e67ebb077a2bb7c5cde809fe9a.jpg', '803c81e67ebb077a2bb7c5cde809fe9a', 'aac2dd8c5ba85cb5598f5f3397f1b303.jpg', 'aac2dd8c5ba85cb5598f5f3397f1b303.jpg', '.jpg', '77.53', 1, '540', '853', 'jpeg', 'width=\"540\" height=\"853\"'),
(27, '920e85e0f5c4b3d8ef6353b73e4566c6.jpg', 'image/jpeg', '', '/Applications/XAMPP/xamppfiles/htdocs/dsd/uploads/attachments/920e85e0f5c4b3d8ef6353b73e4566c6.jpg', '920e85e0f5c4b3d8ef6353b73e4566c6', 'bff144f69a3f016e50d6e239f6269354.jpg', 'bff144f69a3f016e50d6e239f6269354.jpg', '.jpg', '49.17', 1, '468', '475', 'jpeg', 'width=\"468\" height=\"475\"'),
(28, 'c39778e1d8ad3d8952a314991541fbb5.jpg', 'image/jpeg', '', '/Applications/XAMPP/xamppfiles/htdocs/dsd/uploads/attachments/c39778e1d8ad3d8952a314991541fbb5.jpg', 'c39778e1d8ad3d8952a314991541fbb5', 'cff6f8676a6729882cbda7aa08b91e18.jpg', 'cff6f8676a6729882cbda7aa08b91e18.jpg', '.jpg', '72.93', 1, '564', '879', 'jpeg', 'width=\"564\" height=\"879\"'),
(29, 'f8798d82f28f9383b5214fc3be506db2.jpg', 'image/jpeg', '', '/Applications/XAMPP/xamppfiles/htdocs/dsd/uploads/attachments/f8798d82f28f9383b5214fc3be506db2.jpg', 'f8798d82f28f9383b5214fc3be506db2', 'e59cb26aeb0d3214f7454ec945fbb884.jpg', 'e59cb26aeb0d3214f7454ec945fbb884.jpg', '.jpg', '55.92', 1, '564', '448', 'jpeg', 'width=\"564\" height=\"448\"'),
(30, '3bbcdb619a82dd0f2529bb43852de424.jpg', 'image/jpeg', '', '/Applications/XAMPP/xamppfiles/htdocs/dsd/uploads/attachments/3bbcdb619a82dd0f2529bb43852de424.jpg', '3bbcdb619a82dd0f2529bb43852de424', '21192819_10203732376066715_661543635585608329_n.jpg', '21192819_10203732376066715_661543635585608329_n.jpg', '.jpg', '27.85', 1, '540', '303', 'jpeg', 'width=\"540\" height=\"303\"'),
(31, '6d217e08f5c9d5787a80946c28dc7664.jpg', 'image/jpeg', '', '/Applications/XAMPP/xamppfiles/htdocs/dsd/uploads/attachments/6d217e08f5c9d5787a80946c28dc7664.jpg', '6d217e08f5c9d5787a80946c28dc7664', '1380291a45ad2b4c1360919cf41500ad.jpg', '1380291a45ad2b4c1360919cf41500ad.jpg', '.jpg', '40.4', 1, '480', '640', 'jpeg', 'width=\"480\" height=\"640\"'),
(32, '8485906b5af91c30ce411f1dea720c59.jpg', 'image/jpeg', '', '/Applications/XAMPP/xamppfiles/htdocs/dsd/uploads/attachments/8485906b5af91c30ce411f1dea720c59.jpg', '8485906b5af91c30ce411f1dea720c59', '22e818989075accff6cf09340992d8df.jpg', '22e818989075accff6cf09340992d8df.jpg', '.jpg', '27.2', 1, '475', '668', 'jpeg', 'width=\"475\" height=\"668\"'),
(33, '1b780ec9b84de5cd2f39aba8e7fd4414.jpg', 'image/jpeg', '', '/Applications/XAMPP/xamppfiles/htdocs/dsd/uploads/attachments/1b780ec9b84de5cd2f39aba8e7fd4414.jpg', '1b780ec9b84de5cd2f39aba8e7fd4414', '3c5d15ae391c624136e910fb2d2c992c.jpg', '3c5d15ae391c624136e910fb2d2c992c.jpg', '.jpg', '66.64', 1, '540', '541', 'jpeg', 'width=\"540\" height=\"541\"'),
(34, '2fbef7f347db52c3de9b502e067fba8b.jpg', 'image/jpeg', '', '/Applications/XAMPP/xamppfiles/htdocs/dsd/uploads/attachments/2fbef7f347db52c3de9b502e067fba8b.jpg', '2fbef7f347db52c3de9b502e067fba8b', '9b453e52433d7ad3f5417b59dae8c286.jpg', '9b453e52433d7ad3f5417b59dae8c286.jpg', '.jpg', '41.14', 1, '550', '461', 'jpeg', 'width=\"550\" height=\"461\"'),
(35, 'ae515897cc684c20974ebdee1da08855.jpg', 'image/jpeg', '', '/Applications/XAMPP/xamppfiles/htdocs/dsd/uploads/attachments/ae515897cc684c20974ebdee1da08855.jpg', 'ae515897cc684c20974ebdee1da08855', '21766782_888035141345248_4325208126132483544_n.jpg', '21766782_888035141345248_4325208126132483544_n.jpg', '.jpg', '72.48', 1, '629', '960', 'jpeg', 'width=\"629\" height=\"960\"'),
(36, '16c363b23f35d0ea87b9ad55ea402a77.jpg', 'image/jpeg', '', '/Applications/XAMPP/xamppfiles/htdocs/dsd/uploads/attachments/16c363b23f35d0ea87b9ad55ea402a77.jpg', '16c363b23f35d0ea87b9ad55ea402a77', 'a92b4801c68a52560624df23f583717d.jpg', 'a92b4801c68a52560624df23f583717d.jpg', '.jpg', '41.43', 1, '564', '564', 'jpeg', 'width=\"564\" height=\"564\"'),
(37, 'da1f72ba146e98eb65292b09db8ce043.jpg', 'image/jpeg', '', '/Applications/XAMPP/xamppfiles/htdocs/dsd/uploads/attachments/da1f72ba146e98eb65292b09db8ce043.jpg', 'da1f72ba146e98eb65292b09db8ce043', 'a439c7e4833c0dec9c7980df04910914.jpg', 'a439c7e4833c0dec9c7980df04910914.jpg', '.jpg', '44.85', 1, '467', '720', 'jpeg', 'width=\"467\" height=\"720\"'),
(38, 'e7eaa6eccef01ab899746a8af6f3dd0e.jpg', 'image/jpeg', '', '/Applications/XAMPP/xamppfiles/htdocs/dsd/uploads/attachments/e7eaa6eccef01ab899746a8af6f3dd0e.jpg', 'e7eaa6eccef01ab899746a8af6f3dd0e', 'aac2dd8c5ba85cb5598f5f3397f1b303.jpg', 'aac2dd8c5ba85cb5598f5f3397f1b303.jpg', '.jpg', '77.53', 1, '540', '853', 'jpeg', 'width=\"540\" height=\"853\"'),
(39, '4bb05bde2b608f05230d9bdc258fa8cc.jpg', 'image/jpeg', '', '/Applications/XAMPP/xamppfiles/htdocs/dsd/uploads/attachments/4bb05bde2b608f05230d9bdc258fa8cc.jpg', '4bb05bde2b608f05230d9bdc258fa8cc', 'bff144f69a3f016e50d6e239f6269354.jpg', 'bff144f69a3f016e50d6e239f6269354.jpg', '.jpg', '49.17', 1, '468', '475', 'jpeg', 'width=\"468\" height=\"475\"');

-- --------------------------------------------------------

--
-- Table structure for table `assets_by`
--

CREATE TABLE `assets_by` (
  `id` int(11) NOT NULL,
  `asset_id` int(11) NOT NULL COMMENT 'ไอดีไฟล์',
  `user_id` int(11) NOT NULL COMMENT 'ไอดีผู้อัพโหลด',
  `upload_date` varchar(11) COLLATE utf8_unicode_ci NOT NULL COMMENT 'วันที่อัพโหลด',
  `is_avatar` int(1) NOT NULL COMMENT 'เป็นรูปโปรไฟล์'
) ENGINE=InnoDB DEFAULT CHARSET=utf8 COLLATE=utf8_unicode_ci;

--
-- Dumping data for table `assets_by`
--

INSERT INTO `assets_by` (`id`, `asset_id`, `user_id`, `upload_date`, `is_avatar`) VALUES
(11, 11, 2, '1504547490', 0),
(12, 12, 2, '1504547490', 0),
(13, 13, 2, '1504547490', 0),
(14, 14, 2, '1504547491', 0),
(15, 15, 4, '1507636550', 1),
(16, 16, 5, '1507736104', 1),
(17, 17, 2, '1507742529', 1),
(18, 18, 4, '1507822416', 0),
(19, 19, 4, '1507822416', 0),
(20, 20, 4, '1507822416', 0),
(21, 21, 4, '1507822416', 0),
(22, 22, 4, '1507822417', 0),
(23, 23, 4, '1507822417', 0),
(24, 24, 4, '1507822418', 0),
(25, 25, 4, '1507822418', 0),
(26, 26, 4, '1507822418', 0),
(27, 27, 4, '1507822418', 0),
(28, 28, 4, '1507822419', 0),
(29, 29, 4, '1507822419', 0),
(30, 30, 4, '1507823623', 0),
(31, 31, 4, '1507823623', 0),
(32, 32, 4, '1507823623', 0),
(33, 33, 4, '1507823623', 0),
(34, 34, 4, '1507823623', 0),
(35, 35, 4, '1507823623', 0),
(36, 36, 4, '1507823624', 0),
(37, 37, 4, '1507823624', 0),
(38, 38, 4, '1507823624', 0),
(39, 39, 4, '1507823624', 0);

-- --------------------------------------------------------

--
-- Table structure for table `groups`
--

CREATE TABLE `groups` (
  `id` mediumint(8) UNSIGNED NOT NULL,
  `name` varchar(20) NOT NULL COMMENT 'ชื่อกลุ่ม',
  `description` varchar(100) NOT NULL COMMENT 'คำอธิบายกลุ่ม'
) ENGINE=InnoDB DEFAULT CHARSET=utf8;

--
-- Dumping data for table `groups`
--

INSERT INTO `groups` (`id`, `name`, `description`) VALUES
(1, 'admin', 'Administrator'),
(2, 'members', 'General User');

-- --------------------------------------------------------

--
-- Table structure for table `login_attempts`
--

CREATE TABLE `login_attempts` (
  `id` int(11) UNSIGNED NOT NULL,
  `ip_address` varchar(15) NOT NULL COMMENT 'ไอพีแอดเดรส',
  `login` varchar(100) NOT NULL COMMENT 'รหัสล็อกอิน',
  `time` int(11) UNSIGNED DEFAULT NULL COMMENT 'จำนวนครั้ง'
) ENGINE=InnoDB DEFAULT CHARSET=utf8;

-- --------------------------------------------------------

--
-- Table structure for table `news`
--

CREATE TABLE `news` (
  `id` int(11) NOT NULL,
  `author_id` int(11) NOT NULL COMMENT 'ไอดีผู้โพสต์',
  `date_create` varchar(11) NOT NULL COMMENT 'วันที่บันทึก',
  `date_update` varchar(11) DEFAULT NULL COMMENT 'วันที่แก้ไข',
  `title` varchar(255) NOT NULL COMMENT 'หัวข้อโพสต์',
  `detail` text NOT NULL COMMENT 'เนื้อหาโพสต์',
  `category` varchar(100) NOT NULL COMMENT 'หมวดหมู่โพสต์',
  `views` int(6) NOT NULL COMMENT 'จำนวนการคลิก',
  `pinned` int(1) NOT NULL COMMENT 'ตั้งค่าปักหมุด',
  `assets_id` text NOT NULL COMMENT 'ไอดีไฟล์เอกสาร'
) ENGINE=InnoDB DEFAULT CHARSET=utf8;

--
-- Dumping data for table `news`
--

INSERT INTO `news` (`id`, `author_id`, `date_create`, `date_update`, `title`, `detail`, `category`, `views`, `pinned`, `assets_id`) VALUES
(1, 4, '1505057539', '1507823771', 'Lorem Ipsum คือ เนื้อหาจำลองแบบเรียบๆ ที่ใช้กันในธุรกิจงานพิมพ์หรืองานเรียงพิมพ์', '<p></p><div><h2>Lorem Ipsum คืออะไร?</h2><p>Lorem Ipsum คือ เนื้อหาจำลองแบบเรียบๆ ที่ใช้กันในธุรกิจงานพิมพ์หรืองานเรียงพิมพ์ มันได้กลายมาเป็นเนื้อหาจำลองมาตรฐานของธุรกิจดังกล่าวมาตั้งแต่ศตวรรษที่ 16 เมื่อเครื่องพิมพ์โนเนมเครื่องหนึ่งนำรางตัวพิมพ์มาสลับสับตำแหน่งตัวอักษรเพื่อทำหนังสือตัวอย่าง Lorem Ipsum อยู่ยงคงกระพันมาไม่ใช่แค่เพียงห้าศตวรรษ แต่อยู่มาจนถึงยุคที่พลิกโฉมเข้าสู่งานเรียงพิมพ์ด้วยวิธีทางอิเล็กทรอนิกส์ และยังคงสภาพเดิมไว้อย่างไม่มีการเปลี่ยนแปลง มันได้รับความนิยมมากขึ้นในยุค ค.ศ. 1960 เมื่อแผ่น Letraset วางจำหน่ายโดยมีข้อความบนนั้นเป็น Lorem Ipsum และล่าสุดกว่านั้น คือเมื่อซอฟท์แวร์การทำสื่อสิ่งพิมพ์ (Desktop Publishing) อย่าง Aldus PageMaker ได้รวมเอา Lorem Ipsum เวอร์ชั่นต่างๆ เข้าไว้ในซอฟท์แวร์ด้วย</p><p><br></p><p><img alt=\"\" src=\"https://i.pinimg.com/564x/fb/f4/c4/fbf4c4bb17f645819fd2ac072b7423fb.jpg\"><br></p><p><br></p></div><div><h2>ทำไมจึงต้องนำมาใช้?</h2><p>มีหลักฐานที่เป็นข้อเท็จจริงยืนยันมานานแล้ว ว่าเนื้อหาที่อ่านรู้เรื่องนั้นจะไปกวนสมาธิของคนอ่านให้เขวไปจากส่วนที้เป็น Layout เรานำ Lorem Ipsum มาใช้เพราะความที่มันมีการกระจายของตัวอักษรธรรมดาๆ แบบพอประมาณ ซึ่งเอามาใช้แทนการเขียนว่า ‘ตรงนี้เป็นเนื้อหา, ตรงนี้เป็นเนื้อหา\' ได้ และยังทำให้มองดูเหมือนกับภาษาอังกฤษที่อ่านได้ปกติ ปัจจุบันมีแพ็กเกจของซอฟท์แวร์การทำสื่อสิ่งพิมพ์ และซอฟท์แวร์การสร้างเว็บเพจ (Web Page Editor) หลายตัวที่ใช้ Lorem Ipsum เป็นแบบจำลองเนื้อหาที่เป็นค่าตั้งต้น และเวลาที่เสิร์ชด้วยคำว่า \'lorem ipsum\' ผลการเสิร์ชที่ได้ก็จะไม่พบบรรดาเว็บไซต์ที่ยังคงอยู่ในช่วงเริ่มสร้างด้วย โดยหลายปีที่ผ่านมาก็มีการคิดค้นเวอร์ชั่นต่างๆ ของ Lorem Ipsum ขึ้นมาใช้ บ้างก็เป็นความบังเอิญ บ้างก็เป็นความตั้งใจ (เช่น การแอบแทรกมุกตลก)</p></div><br><div><h2>มันมีที่มาอย่างไร?</h2><p>ตรงกันข้ามกับความเชื่อที่นิยมกัน Lorem Ipsum ไม่ได้เป็นเพียงแค่ชุดตัวอักษรที่สุ่มขึ้นมามั่วๆ แต่หากมีที่มาจากวรรณกรรมละตินคลาสสิกชิ้นหนึ่งในยุค 45 ปีก่อนคริสตศักราช ทำให้มันมีอายุถึงกว่า 2000 ปีเลยทีเดียว ริชาร์ด แมคคลินท็อค ศาสตราจารย์ชาวละติน จากวิทยาลัยแฮมพ์เด็น-ซิดนีย์ ในรัฐเวอร์จิเนียร์ นำคำภาษาละตินคำว่า consectetur ซึ่งหาคำแปลไม่ได้จาก Lorem Ipsum ตอนหนึ่งมาค้นเพิ่มเติม โดยตรวจเทียบกับแหล่งอ้างอิงต่างๆ ในวรรณกรรมคลาสสิก และค้นพบแหล่งข้อมูลที่ไร้ข้อกังขาว่า Lorem Ipsum นั้นมาจากตอนที่ 1.10.32 และ 1.10.33 ของเรื่อง \"de Finibus Bonorum et Malorum\" (The Extremes of Good and Evil) ของ ซิเซโร ที่แต่งไว้เมื่อ 45 ปีก่อนคริสตศักราช หนังสือเล่มนี้เป็นเรื่องราวที่ว่าด้วยทฤษฎีแห่งจริยศาสตร์ ซึ่งเป็นที่นิยมมากในยุคเรเนสซองส์ บรรทัดแรกของ Lorem Ipsum \"Lorem ipsum dolor sit amet..\" ก็มาจากบรรทัดหนึ่งในตอนที่ 1.10.32 นั่นเอง</p><p>ด้านล่างของหน้านี้คือท่อนมาตรฐานของ Lorem Ipsum ที่ใช้กันมาตั้งแต่คริสตศตวรรษที่ 16ที่ได้รับการสร้างขึ้นใหม่สำหรับผู้ที่สนใจ ประกอบไปด้วย ตอนที่ 1.10.32 และ 1.10.33 จากเรื่อง \"de Finibus Bonorum et Malorum\" โดยซิเซโร ก็ได้รับการผลิตขึ้นใหม่ด้วยเช่นกันในรูปแบบที่ตรงกับต้นฉบับ ตามมาด้วยเวอร์ชั่นภาษาอังกฤษจากการแปลของ เอช แร็คแคม เมื่อปี ค.ศ. 1914</p></div><div><h2>จะนำมาใช้ได้จากที่ไหน?</h2><p>มีท่อนต่างๆ ของ Lorem Ipsum ให้หยิบมาใช้งานได้มากมาย แต่ส่วนใหญ่แล้วจะถูกนำไปปรับให้เป็นรูปแบบอื่นๆ อาจจะด้วยการสอดแทรกมุกตลก หรือด้วยคำที่มั่วขึ้นมาซึ่งถึงอย่างไรก็ไม่มีทางเป็นเรื่องจริงได้เลยแม้แต่น้อย ถ้าคุณกำลังคิดจะใช้ Lorem Ipsum สักท่อนหนึ่ง คุณจำเป็นจะต้องตรวจให้แน่ใจว่าไม่มีอะไรน่าอับอายซ่อนอยู่ภายในท่อนนั้นๆ ตัวสร้าง Lorem Ipsum บนอินเทอร์เน็ตทุกตัวมักจะเอาท่อนที่แน่ใจแล้วมาใช้ซ้ำๆ ทำให้กลายเป็นที่มาของตัวสร้างที่แท้จริงบนอินเทอร์เน็ต ในการสร้าง Lorem Ipsum ที่ดูเข้าท่า ต้องใช้คำจากพจนานุกรมภาษาละตินถึงกว่า 200 คำ ผสมกับรูปแบบโครงสร้างประโยคอีกจำนวนหนึ่ง เพราะฉะนั้น Lorem Ipsum ที่ถูกสร้างขึ้นใหม่นี้ก็จะไม่ซ้ำไปซ้ำมา ไม่มีมุกตลกซุกแฝงไว้ภายใน หรือไม่มีคำใดๆ ที่ไม่บ่งบอกความหมาย</p></div><p></p>', 'ประชาสัมพันธ์', 65, 0, 'a:4:{i:0;s:2:\"18\";i:1;s:2:\"20\";i:2;s:2:\"23\";i:3;s:2:\"24\";}'),
(3, 4, '1505058251', '1505108198', 'Neque porro quisquam est qui dolorem ipsum quia dolor sit amet, consectetur, adipisci velit', '<p></p><div><h2>Lorem Ipsum คืออะไร?</h2><p>Lorem Ipsum คือ เนื้อหาจำลองแบบเรียบๆ ที่ใช้กันในธุรกิจงานพิมพ์หรืองานเรียงพิมพ์ มันได้กลายมาเป็นเนื้อหาจำลองมาตรฐานของธุรกิจดังกล่าวมาตั้งแต่ศตวรรษที่ 16 เมื่อเครื่องพิมพ์โนเนมเครื่องหนึ่งนำรางตัวพิมพ์มาสลับสับตำแหน่งตัวอักษรเพื่อทำหนังสือตัวอย่าง Lorem Ipsum อยู่ยงคงกระพันมาไม่ใช่แค่เพียงห้าศตวรรษ แต่อยู่มาจนถึงยุคที่พลิกโฉมเข้าสู่งานเรียงพิมพ์ด้วยวิธีทางอิเล็กทรอนิกส์ และยังคงสภาพเดิมไว้อย่างไม่มีการเปลี่ยนแปลง มันได้รับความนิยมมากขึ้นในยุค ค.ศ. 1960 เมื่อแผ่น Letraset วางจำหน่ายโดยมีข้อความบนนั้นเป็น Lorem Ipsum และล่าสุดกว่านั้น คือเมื่อซอฟท์แวร์การทำสื่อสิ่งพิมพ์ (Desktop Publishing) อย่าง Aldus PageMaker ได้รวมเอา Lorem Ipsum เวอร์ชั่นต่างๆ เข้าไว้ในซอฟท์แวร์ด้วย</p></div><div><h2>ทำไมจึงต้องนำมาใช้?</h2><p>มีหลักฐานที่เป็นข้อเท็จจริงยืนยันมานานแล้ว ว่าเนื้อหาที่อ่านรู้เรื่องนั้นจะไปกวนสมาธิของคนอ่านให้เขวไปจากส่วนที้เป็น Layout เรานำ Lorem Ipsum มาใช้เพราะความที่มันมีการกระจายของตัวอักษรธรรมดาๆ แบบพอประมาณ ซึ่งเอามาใช้แทนการเขียนว่า ‘ตรงนี้เป็นเนื้อหา, ตรงนี้เป็นเนื้อหา\' ได้ และยังทำให้มองดูเหมือนกับภาษาอังกฤษที่อ่านได้ปกติ ปัจจุบันมีแพ็กเกจของซอฟท์แวร์การทำสื่อสิ่งพิมพ์ และซอฟท์แวร์การสร้างเว็บเพจ (Web Page Editor) หลายตัวที่ใช้ Lorem Ipsum เป็นแบบจำลองเนื้อหาที่เป็นค่าตั้งต้น และเวลาที่เสิร์ชด้วยคำว่า \'lorem ipsum\' ผลการเสิร์ชที่ได้ก็จะไม่พบบรรดาเว็บไซต์ที่ยังคงอยู่ในช่วงเริ่มสร้างด้วย โดยหลายปีที่ผ่านมาก็มีการคิดค้นเวอร์ชั่นต่างๆ ของ Lorem Ipsum ขึ้นมาใช้ บ้างก็เป็นความบังเอิญ บ้างก็เป็นความตั้งใจ (เช่น การแอบแทรกมุกตลก)</p></div><br><div><h2>มันมีที่มาอย่างไร?</h2><p>ตรงกันข้ามกับความเชื่อที่นิยมกัน Lorem Ipsum ไม่ได้เป็นเพียงแค่ชุดตัวอักษรที่สุ่มขึ้นมามั่วๆ แต่หากมีที่มาจากวรรณกรรมละตินคลาสสิกชิ้นหนึ่งในยุค 45 ปีก่อนคริสตศักราช ทำให้มันมีอายุถึงกว่า 2000 ปีเลยทีเดียว ริชาร์ด แมคคลินท็อค ศาสตราจารย์ชาวละติน จากวิทยาลัยแฮมพ์เด็น-ซิดนีย์ ในรัฐเวอร์จิเนียร์ นำคำภาษาละตินคำว่า consectetur ซึ่งหาคำแปลไม่ได้จาก Lorem Ipsum ตอนหนึ่งมาค้นเพิ่มเติม โดยตรวจเทียบกับแหล่งอ้างอิงต่างๆ ในวรรณกรรมคลาสสิก และค้นพบแหล่งข้อมูลที่ไร้ข้อกังขาว่า Lorem Ipsum นั้นมาจากตอนที่ 1.10.32 และ 1.10.33 ของเรื่อง \"de Finibus Bonorum et Malorum\" (The Extremes of Good and Evil) ของ ซิเซโร ที่แต่งไว้เมื่อ 45 ปีก่อนคริสตศักราช หนังสือเล่มนี้เป็นเรื่องราวที่ว่าด้วยทฤษฎีแห่งจริยศาสตร์ ซึ่งเป็นที่นิยมมากในยุคเรเนสซองส์ บรรทัดแรกของ Lorem Ipsum \"Lorem ipsum dolor sit amet..\" ก็มาจากบรรทัดหนึ่งในตอนที่ 1.10.32 นั่นเอง</p><p>ด้านล่างของหน้านี้คือท่อนมาตรฐานของ Lorem Ipsum ที่ใช้กันมาตั้งแต่คริสตศตวรรษที่ 16ที่ได้รับการสร้างขึ้นใหม่สำหรับผู้ที่สนใจ ประกอบไปด้วย ตอนที่ 1.10.32 และ 1.10.33 จากเรื่อง \"de Finibus Bonorum et Malorum\" โดยซิเซโร ก็ได้รับการผลิตขึ้นใหม่ด้วยเช่นกันในรูปแบบที่ตรงกับต้นฉบับ ตามมาด้วยเวอร์ชั่นภาษาอังกฤษจากการแปลของ เอช แร็คแคม เมื่อปี ค.ศ. 1914</p></div><div><h2>จะนำมาใช้ได้จากที่ไหน?</h2><p>มีท่อนต่างๆ ของ Lorem Ipsum ให้หยิบมาใช้งานได้มากมาย แต่ส่วนใหญ่แล้วจะถูกนำไปปรับให้เป็นรูปแบบอื่นๆ อาจจะด้วยการสอดแทรกมุกตลก หรือด้วยคำที่มั่วขึ้นมาซึ่งถึงอย่างไรก็ไม่มีทางเป็นเรื่องจริงได้เลยแม้แต่น้อย ถ้าคุณกำลังคิดจะใช้ Lorem Ipsum สักท่อนหนึ่ง คุณจำเป็นจะต้องตรวจให้แน่ใจว่าไม่มีอะไรน่าอับอายซ่อนอยู่ภายในท่อนนั้นๆ ตัวสร้าง Lorem Ipsum บนอินเทอร์เน็ตทุกตัวมักจะเอาท่อนที่แน่ใจแล้วมาใช้ซ้ำๆ ทำให้กลายเป็นที่มาของตัวสร้างที่แท้จริงบนอินเทอร์เน็ต ในการสร้าง Lorem Ipsum ที่ดูเข้าท่า ต้องใช้คำจากพจนานุกรมภาษาละตินถึงกว่า 200 คำ ผสมกับรูปแบบโครงสร้างประโยคอีกจำนวนหนึ่ง เพราะฉะนั้น Lorem Ipsum ที่ถูกสร้างขึ้นใหม่นี้ก็จะไม่ซ้ำไปซ้ำมา ไม่มีมุกตลกซุกแฝงไว้ภายใน หรือไม่มีคำใดๆ ที่ไม่บ่งบอกความหมาย</p></div><p></p>', 'ข่าวสารทั่วไป', 4, 0, ''),
(4, 4, '1505108225', NULL, 'ไม่มีผู้ใดที่สมัครรักใคร่ในความเจ็บปวด หรือเสาะแสวงหาและปรารถนาจะครอบครองความเจ็บปวด', '<p></p><div><h2>Lorem Ipsum คืออะไร?</h2><p>Lorem Ipsum คือ เนื้อหาจำลองแบบเรียบๆ ที่ใช้กันในธุรกิจงานพิมพ์หรืองานเรียงพิมพ์ มันได้กลายมาเป็นเนื้อหาจำลองมาตรฐานของธุรกิจดังกล่าวมาตั้งแต่ศตวรรษที่ 16 เมื่อเครื่องพิมพ์โนเนมเครื่องหนึ่งนำรางตัวพิมพ์มาสลับสับตำแหน่งตัวอักษรเพื่อทำหนังสือตัวอย่าง Lorem Ipsum อยู่ยงคงกระพันมาไม่ใช่แค่เพียงห้าศตวรรษ แต่อยู่มาจนถึงยุคที่พลิกโฉมเข้าสู่งานเรียงพิมพ์ด้วยวิธีทางอิเล็กทรอนิกส์ และยังคงสภาพเดิมไว้อย่างไม่มีการเปลี่ยนแปลง มันได้รับความนิยมมากขึ้นในยุค ค.ศ. 1960 เมื่อแผ่น Letraset วางจำหน่ายโดยมีข้อความบนนั้นเป็น Lorem Ipsum และล่าสุดกว่านั้น คือเมื่อซอฟท์แวร์การทำสื่อสิ่งพิมพ์ (Desktop Publishing) อย่าง Aldus PageMaker ได้รวมเอา Lorem Ipsum เวอร์ชั่นต่างๆ เข้าไว้ในซอฟท์แวร์ด้วย</p></div><div><h2>ทำไมจึงต้องนำมาใช้?</h2><p>มีหลักฐานที่เป็นข้อเท็จจริงยืนยันมานานแล้ว ว่าเนื้อหาที่อ่านรู้เรื่องนั้นจะไปกวนสมาธิของคนอ่านให้เขวไปจากส่วนที้เป็น Layout เรานำ Lorem Ipsum มาใช้เพราะความที่มันมีการกระจายของตัวอักษรธรรมดาๆ แบบพอประมาณ ซึ่งเอามาใช้แทนการเขียนว่า ‘ตรงนี้เป็นเนื้อหา, ตรงนี้เป็นเนื้อหา\' ได้ และยังทำให้มองดูเหมือนกับภาษาอังกฤษที่อ่านได้ปกติ ปัจจุบันมีแพ็กเกจของซอฟท์แวร์การทำสื่อสิ่งพิมพ์ และซอฟท์แวร์การสร้างเว็บเพจ (Web Page Editor) หลายตัวที่ใช้ Lorem Ipsum เป็นแบบจำลองเนื้อหาที่เป็นค่าตั้งต้น และเวลาที่เสิร์ชด้วยคำว่า \'lorem ipsum\' ผลการเสิร์ชที่ได้ก็จะไม่พบบรรดาเว็บไซต์ที่ยังคงอยู่ในช่วงเริ่มสร้างด้วย โดยหลายปีที่ผ่านมาก็มีการคิดค้นเวอร์ชั่นต่างๆ ของ Lorem Ipsum ขึ้นมาใช้ บ้างก็เป็นความบังเอิญ บ้างก็เป็นความตั้งใจ (เช่น การแอบแทรกมุกตลก)</p></div><br><div><h2>มันมีที่มาอย่างไร?</h2><p>ตรงกันข้ามกับความเชื่อที่นิยมกัน Lorem Ipsum ไม่ได้เป็นเพียงแค่ชุดตัวอักษรที่สุ่มขึ้นมามั่วๆ แต่หากมีที่มาจากวรรณกรรมละตินคลาสสิกชิ้นหนึ่งในยุค 45 ปีก่อนคริสตศักราช ทำให้มันมีอายุถึงกว่า 2000 ปีเลยทีเดียว ริชาร์ด แมคคลินท็อค ศาสตราจารย์ชาวละติน จากวิทยาลัยแฮมพ์เด็น-ซิดนีย์ ในรัฐเวอร์จิเนียร์ นำคำภาษาละตินคำว่า consectetur ซึ่งหาคำแปลไม่ได้จาก Lorem Ipsum ตอนหนึ่งมาค้นเพิ่มเติม โดยตรวจเทียบกับแหล่งอ้างอิงต่างๆ ในวรรณกรรมคลาสสิก และค้นพบแหล่งข้อมูลที่ไร้ข้อกังขาว่า Lorem Ipsum นั้นมาจากตอนที่ 1.10.32 และ 1.10.33 ของเรื่อง \"de Finibus Bonorum et Malorum\" (The Extremes of Good and Evil) ของ ซิเซโร ที่แต่งไว้เมื่อ 45 ปีก่อนคริสตศักราช หนังสือเล่มนี้เป็นเรื่องราวที่ว่าด้วยทฤษฎีแห่งจริยศาสตร์ ซึ่งเป็นที่นิยมมากในยุคเรเนสซองส์ บรรทัดแรกของ Lorem Ipsum \"Lorem ipsum dolor sit amet..\" ก็มาจากบรรทัดหนึ่งในตอนที่ 1.10.32 นั่นเอง</p><p>ด้านล่างของหน้านี้คือท่อนมาตรฐานของ Lorem Ipsum ที่ใช้กันมาตั้งแต่คริสตศตวรรษที่ 16ที่ได้รับการสร้างขึ้นใหม่สำหรับผู้ที่สนใจ ประกอบไปด้วย ตอนที่ 1.10.32 และ 1.10.33 จากเรื่อง \"de Finibus Bonorum et Malorum\" โดยซิเซโร ก็ได้รับการผลิตขึ้นใหม่ด้วยเช่นกันในรูปแบบที่ตรงกับต้นฉบับ ตามมาด้วยเวอร์ชั่นภาษาอังกฤษจากการแปลของ เอช แร็คแคม เมื่อปี ค.ศ. 1914</p></div><div><h2>จะนำมาใช้ได้จากที่ไหน?</h2><p>มีท่อนต่างๆ ของ Lorem Ipsum ให้หยิบมาใช้งานได้มากมาย แต่ส่วนใหญ่แล้วจะถูกนำไปปรับให้เป็นรูปแบบอื่นๆ อาจจะด้วยการสอดแทรกมุกตลก หรือด้วยคำที่มั่วขึ้นมาซึ่งถึงอย่างไรก็ไม่มีทางเป็นเรื่องจริงได้เลยแม้แต่น้อย ถ้าคุณกำลังคิดจะใช้ Lorem Ipsum สักท่อนหนึ่ง คุณจำเป็นจะต้องตรวจให้แน่ใจว่าไม่มีอะไรน่าอับอายซ่อนอยู่ภายในท่อนนั้นๆ ตัวสร้าง Lorem Ipsum บนอินเทอร์เน็ตทุกตัวมักจะเอาท่อนที่แน่ใจแล้วมาใช้ซ้ำๆ ทำให้กลายเป็นที่มาของตัวสร้างที่แท้จริงบนอินเทอร์เน็ต ในการสร้าง Lorem Ipsum ที่ดูเข้าท่า ต้องใช้คำจากพจนานุกรมภาษาละตินถึงกว่า 200 คำ ผสมกับรูปแบบโครงสร้างประโยคอีกจำนวนหนึ่ง เพราะฉะนั้น Lorem Ipsum ที่ถูกสร้างขึ้นใหม่นี้ก็จะไม่ซ้ำไปซ้ำมา ไม่มีมุกตลกซุกแฝงไว้ภายใน หรือไม่มีคำใดๆ ที่ไม่บ่งบอกความหมาย</p></div><br><p></p>', 'ประกาศผลการสอบ', 2, 0, ''),
(5, 4, '1505110838', NULL, 'ด้านล่างของหน้านี้คือท่อนมาตรฐานของ Lorem Ipsum ที่ใช้กันมาตั้งแต่คริสตศตวรรษที่ 16', '<p></p><div><h2>Lorem Ipsum คืออะไร?</h2><p>Lorem Ipsum คือ เนื้อหาจำลองแบบเรียบๆ ที่ใช้กันในธุรกิจงานพิมพ์หรืองานเรียงพิมพ์ มันได้กลายมาเป็นเนื้อหาจำลองมาตรฐานของธุรกิจดังกล่าวมาตั้งแต่ศตวรรษที่ 16 เมื่อเครื่องพิมพ์โนเนมเครื่องหนึ่งนำรางตัวพิมพ์มาสลับสับตำแหน่งตัวอักษรเพื่อทำหนังสือตัวอย่าง Lorem Ipsum อยู่ยงคงกระพันมาไม่ใช่แค่เพียงห้าศตวรรษ แต่อยู่มาจนถึงยุคที่พลิกโฉมเข้าสู่งานเรียงพิมพ์ด้วยวิธีทางอิเล็กทรอนิกส์ และยังคงสภาพเดิมไว้อย่างไม่มีการเปลี่ยนแปลง มันได้รับความนิยมมากขึ้นในยุค ค.ศ. 1960 เมื่อแผ่น Letraset วางจำหน่ายโดยมีข้อความบนนั้นเป็น Lorem Ipsum และล่าสุดกว่านั้น คือเมื่อซอฟท์แวร์การทำสื่อสิ่งพิมพ์ (Desktop Publishing) อย่าง Aldus PageMaker ได้รวมเอา Lorem Ipsum เวอร์ชั่นต่างๆ เข้าไว้ในซอฟท์แวร์ด้วย</p></div><div><h2>ทำไมจึงต้องนำมาใช้?</h2><p>มีหลักฐานที่เป็นข้อเท็จจริงยืนยันมานานแล้ว ว่าเนื้อหาที่อ่านรู้เรื่องนั้นจะไปกวนสมาธิของคนอ่านให้เขวไปจากส่วนที้เป็น Layout เรานำ Lorem Ipsum มาใช้เพราะความที่มันมีการกระจายของตัวอักษรธรรมดาๆ แบบพอประมาณ ซึ่งเอามาใช้แทนการเขียนว่า ‘ตรงนี้เป็นเนื้อหา, ตรงนี้เป็นเนื้อหา\' ได้ และยังทำให้มองดูเหมือนกับภาษาอังกฤษที่อ่านได้ปกติ ปัจจุบันมีแพ็กเกจของซอฟท์แวร์การทำสื่อสิ่งพิมพ์ และซอฟท์แวร์การสร้างเว็บเพจ (Web Page Editor) หลายตัวที่ใช้ Lorem Ipsum เป็นแบบจำลองเนื้อหาที่เป็นค่าตั้งต้น และเวลาที่เสิร์ชด้วยคำว่า \'lorem ipsum\' ผลการเสิร์ชที่ได้ก็จะไม่พบบรรดาเว็บไซต์ที่ยังคงอยู่ในช่วงเริ่มสร้างด้วย โดยหลายปีที่ผ่านมาก็มีการคิดค้นเวอร์ชั่นต่างๆ ของ Lorem Ipsum ขึ้นมาใช้ บ้างก็เป็นความบังเอิญ บ้างก็เป็นความตั้งใจ (เช่น การแอบแทรกมุกตลก)</p></div><br><div><h2>มันมีที่มาอย่างไร?</h2><p>ตรงกันข้ามกับความเชื่อที่นิยมกัน Lorem Ipsum ไม่ได้เป็นเพียงแค่ชุดตัวอักษรที่สุ่มขึ้นมามั่วๆ แต่หากมีที่มาจากวรรณกรรมละตินคลาสสิกชิ้นหนึ่งในยุค 45 ปีก่อนคริสตศักราช ทำให้มันมีอายุถึงกว่า 2000 ปีเลยทีเดียว ริชาร์ด แมคคลินท็อค ศาสตราจารย์ชาวละติน จากวิทยาลัยแฮมพ์เด็น-ซิดนีย์ ในรัฐเวอร์จิเนียร์ นำคำภาษาละตินคำว่า consectetur ซึ่งหาคำแปลไม่ได้จาก Lorem Ipsum ตอนหนึ่งมาค้นเพิ่มเติม โดยตรวจเทียบกับแหล่งอ้างอิงต่างๆ ในวรรณกรรมคลาสสิก และค้นพบแหล่งข้อมูลที่ไร้ข้อกังขาว่า Lorem Ipsum นั้นมาจากตอนที่ 1.10.32 และ 1.10.33 ของเรื่อง \"de Finibus Bonorum et Malorum\" (The Extremes of Good and Evil) ของ ซิเซโร ที่แต่งไว้เมื่อ 45 ปีก่อนคริสตศักราช หนังสือเล่มนี้เป็นเรื่องราวที่ว่าด้วยทฤษฎีแห่งจริยศาสตร์ ซึ่งเป็นที่นิยมมากในยุคเรเนสซองส์ บรรทัดแรกของ Lorem Ipsum \"Lorem ipsum dolor sit amet..\" ก็มาจากบรรทัดหนึ่งในตอนที่ 1.10.32 นั่นเอง</p><p>ด้านล่างของหน้านี้คือท่อนมาตรฐานของ Lorem Ipsum ที่ใช้กันมาตั้งแต่คริสตศตวรรษที่ 16ที่ได้รับการสร้างขึ้นใหม่สำหรับผู้ที่สนใจ ประกอบไปด้วย ตอนที่ 1.10.32 และ 1.10.33 จากเรื่อง \"de Finibus Bonorum et Malorum\" โดยซิเซโร ก็ได้รับการผลิตขึ้นใหม่ด้วยเช่นกันในรูปแบบที่ตรงกับต้นฉบับ ตามมาด้วยเวอร์ชั่นภาษาอังกฤษจากการแปลของ เอช แร็คแคม เมื่อปี ค.ศ. 1914</p></div><div><h2>จะนำมาใช้ได้จากที่ไหน?</h2><p>มีท่อนต่างๆ ของ Lorem Ipsum ให้หยิบมาใช้งานได้มากมาย แต่ส่วนใหญ่แล้วจะถูกนำไปปรับให้เป็นรูปแบบอื่นๆ อาจจะด้วยการสอดแทรกมุกตลก หรือด้วยคำที่มั่วขึ้นมาซึ่งถึงอย่างไรก็ไม่มีทางเป็นเรื่องจริงได้เลยแม้แต่น้อย ถ้าคุณกำลังคิดจะใช้ Lorem Ipsum สักท่อนหนึ่ง คุณจำเป็นจะต้องตรวจให้แน่ใจว่าไม่มีอะไรน่าอับอายซ่อนอยู่ภายในท่อนนั้นๆ ตัวสร้าง Lorem Ipsum บนอินเทอร์เน็ตทุกตัวมักจะเอาท่อนที่แน่ใจแล้วมาใช้ซ้ำๆ ทำให้กลายเป็นที่มาของตัวสร้างที่แท้จริงบนอินเทอร์เน็ต ในการสร้าง Lorem Ipsum ที่ดูเข้าท่า ต้องใช้คำจากพจนานุกรมภาษาละตินถึงกว่า 200 คำ ผสมกับรูปแบบโครงสร้างประโยคอีกจำนวนหนึ่ง เพราะฉะนั้น Lorem Ipsum ที่ถูกสร้างขึ้นใหม่นี้ก็จะไม่ซ้ำไปซ้ำมา ไม่มีมุกตลกซุกแฝงไว้ภายใน หรือไม่มีคำใดๆ ที่ไม่บ่งบอกความหมาย</p></div><br><p></p>', 'ข่าวสารทั่วไป', 0, 0, '');

-- --------------------------------------------------------

--
-- Table structure for table `sessions`
--

CREATE TABLE `sessions` (
  `id` varchar(128) COLLATE utf8_unicode_ci NOT NULL,
  `ip_address` varchar(45) COLLATE utf8_unicode_ci NOT NULL COMMENT 'ไอพีแอดเดรส',
  `timestamp` int(10) UNSIGNED NOT NULL DEFAULT '0' COMMENT 'เวลาล็อกอิน',
  `data` blob NOT NULL COMMENT 'รหัสล็อกอิน'
) ENGINE=InnoDB DEFAULT CHARSET=utf8 COLLATE=utf8_unicode_ci;

--
-- Dumping data for table `sessions`
--

INSERT INTO `sessions` (`id`, `ip_address`, `timestamp`, `data`) VALUES
('0dehnr0bbjdt7m8e080tglt5sdbn5p3u', '::1', 1507893795, 0x5f5f63695f6c6173745f726567656e65726174657c693a313530373839333737343b6964656e746974797c733a31353a2261646d696e40656d61696c2e636f6d223b656d61696c7c733a31353a2261646d696e40656d61696c2e636f6d223b757365725f69647c733a313a2234223b6f6c645f6c6173745f6c6f67696e7c733a31303a2231353037383330333039223b6c6173745f636865636b7c693a313530373839303034363b5f5f63695f766172737c613a313a7b733a373a227761726e696e67223b733a333a226e6577223b7d7761726e696e677c733a303a22223b),
('0q9vi6elj34obv2k9hmp994uf7k3p1mh', '::1', 1507749058, 0x5f5f63695f6c6173745f726567656e65726174657c693a313530373734383834313b6964656e746974797c733a31343a226e6f746540656d61696c2e636f6d223b656d61696c7c733a31343a226e6f746540656d61696c2e636f6d223b757365725f69647c733a313a2232223b6f6c645f6c6173745f6c6f67696e7c733a31303a2231353037303234363036223b6c6173745f636865636b7c693a313530373733393633313b7761726e696e677c733a303a22223b5f5f63695f766172737c613a313a7b733a373a227761726e696e67223b733a333a226e6577223b7d),
('19t6qvq0b7qd6uasalt4s87dq6guuvlu', '::1', 1507743734, 0x5f5f63695f6c6173745f726567656e65726174657c693a313530373734333439373b6964656e746974797c733a31343a226e6f746540656d61696c2e636f6d223b656d61696c7c733a31343a226e6f746540656d61696c2e636f6d223b757365725f69647c733a313a2232223b6f6c645f6c6173745f6c6f67696e7c733a31303a2231353037303234363036223b6c6173745f636865636b7c693a313530373733393633313b),
('28pkp77f6095a3037o4bvkvsckdv6s30', '::1', 1507743326, 0x5f5f63695f6c6173745f726567656e65726174657c693a313530373734333137303b6964656e746974797c733a31343a226e6f746540656d61696c2e636f6d223b656d61696c7c733a31343a226e6f746540656d61696c2e636f6d223b757365725f69647c733a313a2232223b6f6c645f6c6173745f6c6f67696e7c733a31303a2231353037303234363036223b6c6173745f636865636b7c693a313530373733393633313b),
('2gi22f1t1vfbe7aaq7b7golou6p76ho2', '::1', 1507822722, 0x5f5f63695f6c6173745f726567656e65726174657c693a313530373832323732323b6964656e746974797c733a31353a2261646d696e40656d61696c2e636f6d223b656d61696c7c733a31353a2261646d696e40656d61696c2e636f6d223b757365725f69647c733a313a2234223b6f6c645f6c6173745f6c6f67696e7c733a31303a2231353037383030363032223b6c6173745f636865636b7c693a313530373830343539303b),
('2mtoeblk7f4jf4uku6gokgc182mg46md', '::1', 1507817502, 0x5f5f63695f6c6173745f726567656e65726174657c693a313530373831373232383b6964656e746974797c733a31353a2261646d696e40656d61696c2e636f6d223b656d61696c7c733a31353a2261646d696e40656d61696c2e636f6d223b757365725f69647c733a313a2234223b6f6c645f6c6173745f6c6f67696e7c733a31303a2231353037383030363032223b6c6173745f636865636b7c693a313530373830343539303b7761726e696e677c733a303a22223b5f5f63695f766172737c613a313a7b733a373a227761726e696e67223b733a333a226e6577223b7d),
('2pfv4mj48qskr3dgistd6593jt0br626', '::1', 1507745869, 0x5f5f63695f6c6173745f726567656e65726174657c693a313530373734353633383b6964656e746974797c733a31343a226e6f746540656d61696c2e636f6d223b656d61696c7c733a31343a226e6f746540656d61696c2e636f6d223b757365725f69647c733a313a2232223b6f6c645f6c6173745f6c6f67696e7c733a31303a2231353037303234363036223b6c6173745f636865636b7c693a313530373733393633313b7761726e696e677c733a303a22223b5f5f63695f766172737c613a313a7b733a373a227761726e696e67223b733a333a226e6577223b7d),
('2q6hq8tqf0bp9sp69h5uh77odh4351tk', '::1', 1507892574, 0x5f5f63695f6c6173745f726567656e65726174657c693a313530373839323537323b6964656e746974797c733a31353a2261646d696e40656d61696c2e636f6d223b656d61696c7c733a31353a2261646d696e40656d61696c2e636f6d223b757365725f69647c733a313a2234223b6f6c645f6c6173745f6c6f67696e7c733a31303a2231353037383330333039223b6c6173745f636865636b7c693a313530373839303034363b),
('2ve4jnfhk4nl1hbbr1k02lrgmn5aoncb', '::1', 1507820223, 0x5f5f63695f6c6173745f726567656e65726174657c693a313530373831393937343b6964656e746974797c733a31353a2261646d696e40656d61696c2e636f6d223b656d61696c7c733a31353a2261646d696e40656d61696c2e636f6d223b757365725f69647c733a313a2234223b6f6c645f6c6173745f6c6f67696e7c733a31303a2231353037383030363032223b6c6173745f636865636b7c693a313530373830343539303b7761726e696e677c733a303a22223b5f5f63695f766172737c613a313a7b733a373a227761726e696e67223b733a333a226e6577223b7d),
('38g7kceovf2c5k54r2atgfvfieran71i', '::1', 1507818429, 0x5f5f63695f6c6173745f726567656e65726174657c693a313530373831383236313b6964656e746974797c733a31353a2261646d696e40656d61696c2e636f6d223b656d61696c7c733a31353a2261646d696e40656d61696c2e636f6d223b757365725f69647c733a313a2234223b6f6c645f6c6173745f6c6f67696e7c733a31303a2231353037383030363032223b6c6173745f636865636b7c693a313530373830343539303b7761726e696e677c733a303a22223b5f5f63695f766172737c613a313a7b733a373a227761726e696e67223b733a333a226e6577223b7d),
('3dqtnuufg8trli71v15kssdgrg8gh6bc', '::1', 1507802780, 0x5f5f63695f6c6173745f726567656e65726174657c693a313530373830323631323b6964656e746974797c733a31343a226e6f746540656d61696c2e636f6d223b656d61696c7c733a31343a226e6f746540656d61696c2e636f6d223b757365725f69647c733a313a2232223b6f6c645f6c6173745f6c6f67696e7c733a31303a2231353037383030353737223b6c6173745f636865636b7c693a313530373830303735353b),
('3ea42tvs45cmgh5rj3ii3gg7gcdmj1b3', '::1', 1507804705, 0x5f5f63695f6c6173745f726567656e65726174657c693a313530373830343538333b6964656e746974797c733a31353a2261646d696e40656d61696c2e636f6d223b656d61696c7c733a31353a2261646d696e40656d61696c2e636f6d223b757365725f69647c733a313a2234223b6f6c645f6c6173745f6c6f67696e7c733a31303a2231353037383030363032223b6c6173745f636865636b7c693a313530373830343539303b7761726e696e677c733a303a22223b5f5f63695f766172737c613a313a7b733a373a227761726e696e67223b733a333a226e6577223b7d),
('3km789rjd0dfje6iokd8m35e3955vqpj', '::1', 1507903788, 0x5f5f63695f6c6173745f726567656e65726174657c693a313530373930333630313b6964656e746974797c733a31353a2261646d696e40656d61696c2e636f6d223b656d61696c7c733a31353a2261646d696e40656d61696c2e636f6d223b757365725f69647c733a313a2234223b6f6c645f6c6173745f6c6f67696e7c733a31303a2231353037383930303436223b6c6173745f636865636b7c693a313530373930303037373b),
('3o802d4kav3augak126t22orqrlq045u', '::1', 1507734310, 0x5f5f63695f6c6173745f726567656e65726174657c693a313530373733343239343b6964656e746974797c733a31353a2261646d696e40656d61696c2e636f6d223b656d61696c7c733a31353a2261646d696e40656d61696c2e636f6d223b757365725f69647c733a313a2234223b6f6c645f6c6173745f6c6f67696e7c733a31303a2231353037363336333136223b6c6173745f636865636b7c693a313530373733343330333b7761726e696e677c733a303a22223b5f5f63695f766172737c613a313a7b733a373a227761726e696e67223b733a333a226e6577223b7d),
('54obshgdvt5p3lj80ma8bptut4o0gi5b', '::1', 1507902822, 0x5f5f63695f6c6173745f726567656e65726174657c693a313530373930323830333b6964656e746974797c733a31353a2261646d696e40656d61696c2e636f6d223b656d61696c7c733a31353a2261646d696e40656d61696c2e636f6d223b757365725f69647c733a313a2234223b6f6c645f6c6173745f6c6f67696e7c733a31303a2231353037383930303436223b6c6173745f636865636b7c693a313530373930303037373b),
('6fa0sdhj7qoag4hunf327da5h46669s3', '::1', 1507823779, 0x5f5f63695f6c6173745f726567656e65726174657c693a313530373832333630363b6964656e746974797c733a31353a2261646d696e40656d61696c2e636f6d223b656d61696c7c733a31353a2261646d696e40656d61696c2e636f6d223b757365725f69647c733a313a2234223b6f6c645f6c6173745f6c6f67696e7c733a31303a2231353037383030363032223b6c6173745f636865636b7c693a313530373830343539303b),
('6j2jqrsrukcttkjq0g44a2g5eiqce97d', '::1', 1507816155, 0x5f5f63695f6c6173745f726567656e65726174657c693a313530373831363130363b6964656e746974797c733a31353a2261646d696e40656d61696c2e636f6d223b656d61696c7c733a31353a2261646d696e40656d61696c2e636f6d223b757365725f69647c733a313a2234223b6f6c645f6c6173745f6c6f67696e7c733a31303a2231353037383030363032223b6c6173745f636865636b7c693a313530373830343539303b7761726e696e677c733a303a22223b5f5f63695f766172737c613a313a7b733a373a227761726e696e67223b733a333a226e6577223b7d),
('71ln845netfoketcboa8r562p2bif0cd', '::1', 1507890153, 0x5f5f63695f6c6173745f726567656e65726174657c693a313530373839303032383b6964656e746974797c733a31353a2261646d696e40656d61696c2e636f6d223b656d61696c7c733a31353a2261646d696e40656d61696c2e636f6d223b757365725f69647c733a313a2234223b6f6c645f6c6173745f6c6f67696e7c733a31303a2231353037383330333039223b6c6173745f636865636b7c693a313530373839303034363b),
('7m7at82hqree4k902jvun7tu9hkao1vq', '::1', 1507893032, 0x5f5f63695f6c6173745f726567656e65726174657c693a313530373839323938323b6964656e746974797c733a31353a2261646d696e40656d61696c2e636f6d223b656d61696c7c733a31353a2261646d696e40656d61696c2e636f6d223b757365725f69647c733a313a2234223b6f6c645f6c6173745f6c6f67696e7c733a31303a2231353037383330333039223b6c6173745f636865636b7c693a313530373839303034363b5f5f63695f766172737c613a323a7b733a363a2264616e676572223b733a333a226f6c64223b733a373a227761726e696e67223b733a333a226e6577223b7d64616e6765727c733a35373a22e0b89ae0b8b1e0b899e0b897e0b8b6e0b881e0b882e0b989e0b8ade0b8a1e0b8b9e0b8a5e0b8a5e0b989e0b8a1e0b980e0b8abe0b8a5e0b8a7223b7761726e696e677c733a303a22223b),
('8r0pkc3e1g3bo7dbcpa768ipetd2usu1', '::1', 1507746790, 0x5f5f63695f6c6173745f726567656e65726174657c693a313530373734363739303b6964656e746974797c733a31343a226e6f746540656d61696c2e636f6d223b656d61696c7c733a31343a226e6f746540656d61696c2e636f6d223b757365725f69647c733a313a2232223b6f6c645f6c6173745f6c6f67696e7c733a31303a2231353037303234363036223b6c6173745f636865636b7c693a313530373733393633313b7761726e696e677c733a303a22223b5f5f63695f766172737c613a313a7b733a373a227761726e696e67223b733a333a226e6577223b7d),
('91trhv0gh2gicp0qq5hbnjm0tdnfgccp', '::1', 1507903290, 0x5f5f63695f6c6173745f726567656e65726174657c693a313530373930333133353b6964656e746974797c733a31353a2261646d696e40656d61696c2e636f6d223b656d61696c7c733a31353a2261646d696e40656d61696c2e636f6d223b757365725f69647c733a313a2234223b6f6c645f6c6173745f6c6f67696e7c733a31303a2231353037383930303436223b6c6173745f636865636b7c693a313530373930303037373b),
('96cgjotql6tjua3gnv65a5dsqj6evcah', '::1', 1507738005, 0x5f5f63695f6c6173745f726567656e65726174657c693a313530373733373930383b6964656e746974797c733a31343a227465737440656d61696c2e636f6d223b656d61696c7c733a31343a227465737440656d61696c2e636f6d223b757365725f69647c733a313a2235223b6f6c645f6c6173745f6c6f67696e7c733a31303a2231353037373337303634223b6c6173745f636865636b7c693a313530373733373039383b7761726e696e677c733a37303a223c703ee0b982e0b89be0b8a3e0b894e0b8a3e0b8b0e0b89ae0b8b820e0b89be0b8a3e0b8b0e0b980e0b8a0e0b897e0b881e0b8b2e0b8a3e0b8aae0b8ade0b89a203c2f703e0a223b5f5f63695f766172737c613a313a7b733a373a227761726e696e67223b733a333a226e6577223b7d),
('9i0nlq1f5o5rjtk32hvcep9thbi7a9v8', '::1', 1507820666, 0x5f5f63695f6c6173745f726567656e65726174657c693a313530373832303336373b6964656e746974797c733a31353a2261646d696e40656d61696c2e636f6d223b656d61696c7c733a31353a2261646d696e40656d61696c2e636f6d223b757365725f69647c733a313a2234223b6f6c645f6c6173745f6c6f67696e7c733a31303a2231353037383030363032223b6c6173745f636865636b7c693a313530373830343539303b7761726e696e677c733a303a22223b5f5f63695f766172737c613a313a7b733a373a227761726e696e67223b733a333a226f6c64223b7d),
('a65h1ood3kv7m3seuhrfiobql0r6ork8', '::1', 1507738885, 0x5f5f63695f6c6173745f726567656e65726174657c693a313530373733383636313b6964656e746974797c733a31333a22706f7040656d61696c2e636f6d223b656d61696c7c733a31333a22706f7040656d61696c2e636f6d223b757365725f69647c733a313a2233223b6f6c645f6c6173745f6c6f67696e7c733a31303a2231353034353836313038223b6c6173745f636865636b7c693a313530373733383637313b),
('a6tb64n9r32olbeabqd3onqa678nk82b', '::1', 1507736376, 0x5f5f63695f6c6173745f726567656e65726174657c693a313530373733363037373b6964656e746974797c733a31343a227465737440656d61696c2e636f6d223b656d61696c7c733a31343a227465737440656d61696c2e636f6d223b757365725f69647c733a313a2235223b6f6c645f6c6173745f6c6f67696e7c733a31303a2231353035303630343534223b6c6173745f636865636b7c693a313530373733353534393b5f5f63695f766172737c613a323a7b733a373a226d657373616765223b733a333a226f6c64223b733a373a227761726e696e67223b733a333a226e6577223b7d6d6573736167657c733a3131363a223c7020636c6173733d22616c65727420616c6572742d7761726e696e67223ee0b984e0b8a1e0b988e0b8aae0b8b2e0b8a1e0b8b2e0b8a3e0b896e0b980e0b89be0b8a5e0b8b5e0b988e0b8a2e0b899e0b8a3e0b8abe0b8b1e0b8aae0b89ce0b988e0b8b2e0b899e0b984e0b894e0b9893c2f703e223b7761726e696e677c733a303a22223b),
('aeef82fomrkul5mmakgssavi09bu1m5c', '::1', 1507829086, 0x5f5f63695f6c6173745f726567656e65726174657c693a313530373832393038363b6964656e746974797c733a31353a2261646d696e40656d61696c2e636f6d223b656d61696c7c733a31353a2261646d696e40656d61696c2e636f6d223b757365725f69647c733a313a2234223b6f6c645f6c6173745f6c6f67696e7c733a31303a2231353037383030363032223b6c6173745f636865636b7c693a313530373830343539303b),
('bb9ru2gcltb54ib2bdlb25l06i47pv6g', '::1', 1507811691, 0x5f5f63695f6c6173745f726567656e65726174657c693a313530373831313432333b6964656e746974797c733a31353a2261646d696e40656d61696c2e636f6d223b656d61696c7c733a31353a2261646d696e40656d61696c2e636f6d223b757365725f69647c733a313a2234223b6f6c645f6c6173745f6c6f67696e7c733a31303a2231353037383030363032223b6c6173745f636865636b7c693a313530373830343539303b7761726e696e677c733a303a22223b5f5f63695f766172737c613a313a7b733a373a227761726e696e67223b733a333a226e6577223b7d),
('bjpu8e4tsvh0b75t73pdkfq36sb73lg5', '::1', 1507907860, 0x5f5f63695f6c6173745f726567656e65726174657c693a313530373930373632333b6964656e746974797c733a31353a2261646d696e40656d61696c2e636f6d223b656d61696c7c733a31353a2261646d696e40656d61696c2e636f6d223b757365725f69647c733a313a2234223b6f6c645f6c6173745f6c6f67696e7c733a31303a2231353037383930303436223b6c6173745f636865636b7c693a313530373930303037373b7761726e696e677c733a303a22223b5f5f63695f766172737c613a313a7b733a373a227761726e696e67223b733a333a226e6577223b7d),
('bohrra6qgcs1jvi7t5mhhb5lbi869evb', '::1', 1507737100, 0x5f5f63695f6c6173745f726567656e65726174657c693a313530373733373037373b6964656e746974797c733a31343a227465737440656d61696c2e636f6d223b656d61696c7c733a31343a227465737440656d61696c2e636f6d223b757365725f69647c733a313a2235223b6f6c645f6c6173745f6c6f67696e7c733a31303a2231353037373337303634223b6c6173745f636865636b7c693a313530373733373039383b),
('brlddolugfob0b26g3tbbahgpp2aci9j', '::1', 1507901185, 0x5f5f63695f6c6173745f726567656e65726174657c693a313530373930313034363b6964656e746974797c733a31353a2261646d696e40656d61696c2e636f6d223b656d61696c7c733a31353a2261646d696e40656d61696c2e636f6d223b757365725f69647c733a313a2234223b6f6c645f6c6173745f6c6f67696e7c733a31303a2231353037383930303436223b6c6173745f636865636b7c693a313530373930303037373b7761726e696e677c733a303a22223b5f5f63695f766172737c613a313a7b733a373a227761726e696e67223b733a333a226e6577223b7d),
('cd6g8rdc11418mhpupja3gee5vtv5rv4', '::1', 1507739902, 0x5f5f63695f6c6173745f726567656e65726174657c693a313530373733393632363b6964656e746974797c733a31343a226e6f746540656d61696c2e636f6d223b656d61696c7c733a31343a226e6f746540656d61696c2e636f6d223b757365725f69647c733a313a2232223b6f6c645f6c6173745f6c6f67696e7c733a31303a2231353037303234363036223b6c6173745f636865636b7c693a313530373733393633313b7761726e696e677c733a303a22223b5f5f63695f766172737c613a313a7b733a373a227761726e696e67223b733a333a226e6577223b7d),
('cgqq8v71nba3ruv6978gbvvvgh504ci0', '::1', 1507892481, 0x5f5f63695f6c6173745f726567656e65726174657c693a313530373839323231343b6964656e746974797c733a31353a2261646d696e40656d61696c2e636f6d223b656d61696c7c733a31353a2261646d696e40656d61696c2e636f6d223b757365725f69647c733a313a2234223b6f6c645f6c6173745f6c6f67696e7c733a31303a2231353037383330333039223b6c6173745f636865636b7c693a313530373839303034363b),
('dvjr0hs9ah0r5858rl5occ9f9ocdq2r9', '::1', 1507816066, 0x5f5f63695f6c6173745f726567656e65726174657c693a313530373831353739303b6964656e746974797c733a31353a2261646d696e40656d61696c2e636f6d223b656d61696c7c733a31353a2261646d696e40656d61696c2e636f6d223b757365725f69647c733a313a2234223b6f6c645f6c6173745f6c6f67696e7c733a31303a2231353037383030363032223b6c6173745f636865636b7c693a313530373830343539303b7761726e696e677c733a303a22223b5f5f63695f766172737c613a313a7b733a373a227761726e696e67223b733a333a226e6577223b7d),
('e7mechqbpqk7gsvid6u76j9ud433v43n', '::1', 1507895697, 0x5f5f63695f6c6173745f726567656e65726174657c693a313530373839353639373b6964656e746974797c733a31353a2261646d696e40656d61696c2e636f6d223b656d61696c7c733a31353a2261646d696e40656d61696c2e636f6d223b757365725f69647c733a313a2234223b6f6c645f6c6173745f6c6f67696e7c733a31303a2231353037383330333039223b6c6173745f636865636b7c693a313530373839303034363b5f5f63695f766172737c613a313a7b733a373a227761726e696e67223b733a333a226e6577223b7d7761726e696e677c733a303a22223b),
('eabrg873vp9k58q98pu4eesihfvbone8', '::1', 1507826153, 0x5f5f63695f6c6173745f726567656e65726174657c693a313530373832353936353b6964656e746974797c733a31353a2261646d696e40656d61696c2e636f6d223b656d61696c7c733a31353a2261646d696e40656d61696c2e636f6d223b757365725f69647c733a313a2234223b6f6c645f6c6173745f6c6f67696e7c733a31303a2231353037383030363032223b6c6173745f636865636b7c693a313530373830343539303b),
('eakk6d65useamn00clm4dqpr9vdv7oul', '::1', 1507830918, 0x5f5f63695f6c6173745f726567656e65726174657c693a313530373833303931383b),
('efmeei816mpt9sv16t9firfp5af968av', '::1', 1507822629, 0x5f5f63695f6c6173745f726567656e65726174657c693a313530373832323430363b6964656e746974797c733a31353a2261646d696e40656d61696c2e636f6d223b656d61696c7c733a31353a2261646d696e40656d61696c2e636f6d223b757365725f69647c733a313a2234223b6f6c645f6c6173745f6c6f67696e7c733a31303a2231353037383030363032223b6c6173745f636865636b7c693a313530373830343539303b7761726e696e677c733a303a22223b5f5f63695f766172737c613a313a7b733a373a227761726e696e67223b733a333a226f6c64223b7d),
('em0nka2kb750s1emhtgg6ahb7avop0ru', '::1', 1507744232, 0x5f5f63695f6c6173745f726567656e65726174657c693a313530373734343033353b6964656e746974797c733a31343a226e6f746540656d61696c2e636f6d223b656d61696c7c733a31343a226e6f746540656d61696c2e636f6d223b757365725f69647c733a313a2232223b6f6c645f6c6173745f6c6f67696e7c733a31303a2231353037303234363036223b6c6173745f636865636b7c693a313530373733393633313b),
('f4cjo28r6nn0qo6q475ngj41pefspvpi', '::1', 1507746622, 0x5f5f63695f6c6173745f726567656e65726174657c693a313530373734363433313b6964656e746974797c733a31343a226e6f746540656d61696c2e636f6d223b656d61696c7c733a31343a226e6f746540656d61696c2e636f6d223b757365725f69647c733a313a2232223b6f6c645f6c6173745f6c6f67696e7c733a31303a2231353037303234363036223b6c6173745f636865636b7c693a313530373733393633313b7761726e696e677c733a303a22223b5f5f63695f766172737c613a313a7b733a373a227761726e696e67223b733a333a226e6577223b7d),
('fd8ksr7rorlqhv0vsvld56bvvnp7b4k5', '::1', 1507802442, 0x5f5f63695f6c6173745f726567656e65726174657c693a313530373830323137323b6964656e746974797c733a31343a226e6f746540656d61696c2e636f6d223b656d61696c7c733a31343a226e6f746540656d61696c2e636f6d223b757365725f69647c733a313a2232223b6f6c645f6c6173745f6c6f67696e7c733a31303a2231353037383030353737223b6c6173745f636865636b7c693a313530373830303735353b7761726e696e677c733a303a22223b5f5f63695f766172737c613a313a7b733a373a227761726e696e67223b733a333a226e6577223b7d),
('fdtm7q2uhsohj9kdod8rsulribvr2go9', '::1', 1507740756, 0x5f5f63695f6c6173745f726567656e65726174657c693a313530373734303532373b6964656e746974797c733a31343a226e6f746540656d61696c2e636f6d223b656d61696c7c733a31343a226e6f746540656d61696c2e636f6d223b757365725f69647c733a313a2232223b6f6c645f6c6173745f6c6f67696e7c733a31303a2231353037303234363036223b6c6173745f636865636b7c693a313530373733393633313b7761726e696e677c733a303a22223b5f5f63695f766172737c613a313a7b733a373a227761726e696e67223b733a333a226e6577223b7d),
('gci9droru8dpp5hv07crrq0dltgf2p0j', '::1', 1507904552, 0x5f5f63695f6c6173745f726567656e65726174657c693a313530373930343434313b6964656e746974797c733a31353a2261646d696e40656d61696c2e636f6d223b656d61696c7c733a31353a2261646d696e40656d61696c2e636f6d223b757365725f69647c733a313a2234223b6f6c645f6c6173745f6c6f67696e7c733a31303a2231353037383930303436223b6c6173745f636865636b7c693a313530373930303037373b7761726e696e677c733a303a22223b5f5f63695f766172737c613a313a7b733a373a227761726e696e67223b733a333a226e6577223b7d),
('gpb6be1pr4cr6nsglibbqr1ue9folci6', '::1', 1507824850, 0x5f5f63695f6c6173745f726567656e65726174657c693a313530373832343739393b6964656e746974797c733a31353a2261646d696e40656d61696c2e636f6d223b656d61696c7c733a31353a2261646d696e40656d61696c2e636f6d223b757365725f69647c733a313a2234223b6f6c645f6c6173745f6c6f67696e7c733a31303a2231353037383030363032223b6c6173745f636865636b7c693a313530373830343539303b),
('h1an3ggegtu51k1l2t1t68q0uqmlkol2', '::1', 1507896297, 0x5f5f63695f6c6173745f726567656e65726174657c693a313530373839363239373b6964656e746974797c733a31353a2261646d696e40656d61696c2e636f6d223b656d61696c7c733a31353a2261646d696e40656d61696c2e636f6d223b757365725f69647c733a313a2234223b6f6c645f6c6173745f6c6f67696e7c733a31303a2231353037383330333039223b6c6173745f636865636b7c693a313530373839303034363b5f5f63695f766172737c613a313a7b733a373a227761726e696e67223b733a333a226e6577223b7d7761726e696e677c733a303a22223b),
('h3isccb6g350rc1qprsir1qai0qagcp2', '::1', 1507900632, 0x5f5f63695f6c6173745f726567656e65726174657c693a313530373930303337363b6964656e746974797c733a31353a2261646d696e40656d61696c2e636f6d223b656d61696c7c733a31353a2261646d696e40656d61696c2e636f6d223b757365725f69647c733a313a2234223b6f6c645f6c6173745f6c6f67696e7c733a31303a2231353037383930303436223b6c6173745f636865636b7c693a313530373930303037373b5f5f63695f766172737c613a323a7b733a373a2273756363657373223b733a333a226f6c64223b733a373a227761726e696e67223b733a333a226e6577223b7d737563636573737c733a35343a22e0b89ae0b8b1e0b899e0b897e0b8b6e0b881e0b882e0b989e0b8ade0b8a1e0b8b9e0b8a5e0b8aae0b8b3e0b980e0b8a3e0b987e0b888223b7761726e696e677c733a303a22223b),
('h4vmgo7otf3shid5cjhsud2j0q4bjfrm', '::1', 1507747283, 0x5f5f63695f6c6173745f726567656e65726174657c693a313530373734373236393b6964656e746974797c733a31343a226e6f746540656d61696c2e636f6d223b656d61696c7c733a31343a226e6f746540656d61696c2e636f6d223b757365725f69647c733a313a2232223b6f6c645f6c6173745f6c6f67696e7c733a31303a2231353037303234363036223b6c6173745f636865636b7c693a313530373733393633313b7761726e696e677c733a303a22223b5f5f63695f766172737c613a313a7b733a373a227761726e696e67223b733a333a226e6577223b7d),
('hp000ugk1vtkfnbu3m49jvdivbvkheis', '::1', 1507827123, 0x5f5f63695f6c6173745f726567656e65726174657c693a313530373832363838303b6964656e746974797c733a31353a2261646d696e40656d61696c2e636f6d223b656d61696c7c733a31353a2261646d696e40656d61696c2e636f6d223b757365725f69647c733a313a2234223b6f6c645f6c6173745f6c6f67696e7c733a31303a2231353037383030363032223b6c6173745f636865636b7c693a313530373830343539303b),
('icfqgci1ndnqg93jr9fphdhgp4c7ra4l', '::1', 1507904400, 0x5f5f63695f6c6173745f726567656e65726174657c693a313530373930343133393b6964656e746974797c733a31353a2261646d696e40656d61696c2e636f6d223b656d61696c7c733a31353a2261646d696e40656d61696c2e636f6d223b757365725f69647c733a313a2234223b6f6c645f6c6173745f6c6f67696e7c733a31303a2231353037383930303436223b6c6173745f636865636b7c693a313530373930303037373b7761726e696e677c733a303a22223b5f5f63695f766172737c613a313a7b733a373a227761726e696e67223b733a333a226e6577223b7d),
('iinkolb8805d76lbaqaf4ga039ffh4i0', '::1', 1507878940, 0x5f5f63695f6c6173745f726567656e65726174657c693a313530373837383933323b6964656e746974797c733a31343a226e6f746540656d61696c2e636f6d223b656d61696c7c733a31343a226e6f746540656d61696c2e636f6d223b757365725f69647c733a313a2232223b6f6c645f6c6173745f6c6f67696e7c733a31303a2231353037383330323437223b6c6173745f636865636b7c693a313530373837383934303b6d6573736167657c733a38333a223c7020636c6173733d22616c65727420616c6572742d696e666f223ee0b980e0b882e0b989e0b8b2e0b8aae0b8b9e0b988e0b8a3e0b8b0e0b89ae0b89ae0b8aae0b8b3e0b980e0b8a3e0b987e0b8883c2f703e223b5f5f63695f766172737c613a313a7b733a373a226d657373616765223b733a333a226f6c64223b7d),
('ilqub0pr32giopdl6k15c8ku04dg25fc', '::1', 1507745153, 0x5f5f63695f6c6173745f726567656e65726174657c693a313530373734343836313b6964656e746974797c733a31343a226e6f746540656d61696c2e636f6d223b656d61696c7c733a31343a226e6f746540656d61696c2e636f6d223b757365725f69647c733a313a2232223b6f6c645f6c6173745f6c6f67696e7c733a31303a2231353037303234363036223b6c6173745f636865636b7c693a313530373733393633313b7761726e696e677c733a303a22223b5f5f63695f766172737c613a313a7b733a373a227761726e696e67223b733a333a226e6577223b7d),
('ip4mq8usp5dnp8vnrssmmc3nndf59ffo', '::1', 1507830597, 0x5f5f63695f6c6173745f726567656e65726174657c693a313530373833303330343b6964656e746974797c733a31353a2261646d696e40656d61696c2e636f6d223b656d61696c7c733a31353a2261646d696e40656d61696c2e636f6d223b757365725f69647c733a313a2234223b6f6c645f6c6173745f6c6f67696e7c733a31303a2231353037383034353930223b6c6173745f636865636b7c693a313530373833303330393b),
('irdfvpclunjkj4fj468glf6pinriprof', '::1', 1507749256, 0x5f5f63695f6c6173745f726567656e65726174657c693a313530373734393138333b6964656e746974797c733a31343a226e6f746540656d61696c2e636f6d223b656d61696c7c733a31343a226e6f746540656d61696c2e636f6d223b757365725f69647c733a313a2232223b6f6c645f6c6173745f6c6f67696e7c733a31303a2231353037303234363036223b6c6173745f636865636b7c693a313530373733393633313b7761726e696e677c733a303a22223b5f5f63695f766172737c613a313a7b733a373a227761726e696e67223b733a333a226e6577223b7d),
('j7i0j1groi3s1kuk98k7ecjimpc6mrd4', '::1', 1507821211, 0x5f5f63695f6c6173745f726567656e65726174657c693a313530373832313137343b6964656e746974797c733a31353a2261646d696e40656d61696c2e636f6d223b656d61696c7c733a31353a2261646d696e40656d61696c2e636f6d223b757365725f69647c733a313a2234223b6f6c645f6c6173745f6c6f67696e7c733a31303a2231353037383030363032223b6c6173745f636865636b7c693a313530373830343539303b),
('j9j9uf4q4hq9amoo4emu315ke1o8k0cl', '::1', 1507800922, 0x5f5f63695f6c6173745f726567656e65726174657c693a313530373830303735303b6964656e746974797c733a31343a226e6f746540656d61696c2e636f6d223b656d61696c7c733a31343a226e6f746540656d61696c2e636f6d223b757365725f69647c733a313a2232223b6f6c645f6c6173745f6c6f67696e7c733a31303a2231353037383030353737223b6c6173745f636865636b7c693a313530373830303735353b7761726e696e677c733a303a22223b5f5f63695f766172737c613a313a7b733a373a227761726e696e67223b733a333a226e6577223b7d),
('jlre628uocm87cq2fvnabof3fr2kbaip', '::1', 1507900346, 0x5f5f63695f6c6173745f726567656e65726174657c693a313530373930303037323b6964656e746974797c733a31353a2261646d696e40656d61696c2e636f6d223b656d61696c7c733a31353a2261646d696e40656d61696c2e636f6d223b757365725f69647c733a313a2234223b6f6c645f6c6173745f6c6f67696e7c733a31303a2231353037383930303436223b6c6173745f636865636b7c693a313530373930303037373b7761726e696e677c733a303a22223b5f5f63695f766172737c613a313a7b733a373a227761726e696e67223b733a333a226f6c64223b7d),
('jqo1ub159hoc3td4397a87rggg3rr8ek', '::1', 1507908161, 0x5f5f63695f6c6173745f726567656e65726174657c693a313530373930383036363b6964656e746974797c733a31353a2261646d696e40656d61696c2e636f6d223b656d61696c7c733a31353a2261646d696e40656d61696c2e636f6d223b757365725f69647c733a313a2234223b6f6c645f6c6173745f6c6f67696e7c733a31303a2231353037383930303436223b6c6173745f636865636b7c693a313530373930303037373b7761726e696e677c733a303a22223b5f5f63695f766172737c613a313a7b733a373a227761726e696e67223b733a333a226f6c64223b7d),
('jsl4097ea1cr0slqj9u27fna7jvlfl6v', '::1', 1507803108, 0x5f5f63695f6c6173745f726567656e65726174657c693a313530373830333038393b6964656e746974797c733a31343a226e6f746540656d61696c2e636f6d223b656d61696c7c733a31343a226e6f746540656d61696c2e636f6d223b757365725f69647c733a313a2232223b6f6c645f6c6173745f6c6f67696e7c733a31303a2231353037383030353737223b6c6173745f636865636b7c693a313530373830303735353b),
('k1gdns67r483rc8cmk7f2fdhisneafat', '::1', 1507739046, 0x5f5f63695f6c6173745f726567656e65726174657c693a313530373733383936333b6964656e746974797c733a31333a22706f7040656d61696c2e636f6d223b656d61696c7c733a31333a22706f7040656d61696c2e636f6d223b757365725f69647c733a313a2233223b6f6c645f6c6173745f6c6f67696e7c733a31303a2231353034353836313038223b6c6173745f636865636b7c693a313530373733383637313b),
('kk2p5t01v68hl97957qdkqeqkj5ka1u5', '::1', 1507820822, 0x5f5f63695f6c6173745f726567656e65726174657c693a313530373832303636383b6964656e746974797c733a31353a2261646d696e40656d61696c2e636f6d223b656d61696c7c733a31353a2261646d696e40656d61696c2e636f6d223b757365725f69647c733a313a2234223b6f6c645f6c6173745f6c6f67696e7c733a31303a2231353037383030363032223b6c6173745f636865636b7c693a313530373830343539303b7761726e696e677c733a303a22223b5f5f63695f766172737c613a313a7b733a373a227761726e696e67223b733a333a226e6577223b7d),
('kl71eb67celu5i4pjum18a9899uirgan', '::1', 1507815416, 0x5f5f63695f6c6173745f726567656e65726174657c693a313530373831353431353b6964656e746974797c733a31353a2261646d696e40656d61696c2e636f6d223b656d61696c7c733a31353a2261646d696e40656d61696c2e636f6d223b757365725f69647c733a313a2234223b6f6c645f6c6173745f6c6f67696e7c733a31303a2231353037383030363032223b6c6173745f636865636b7c693a313530373830343539303b7761726e696e677c733a303a22223b5f5f63695f766172737c613a313a7b733a373a227761726e696e67223b733a333a226e6577223b7d),
('lsfa51p2jap4klb0s1kp7gl6cc151sid', '::1', 1507899870, 0x5f5f63695f6c6173745f726567656e65726174657c693a313530373839393639373b6964656e746974797c733a31353a2261646d696e40656d61696c2e636f6d223b656d61696c7c733a31353a2261646d696e40656d61696c2e636f6d223b757365725f69647c733a313a2234223b6f6c645f6c6173745f6c6f67696e7c733a31303a2231353037383330333039223b6c6173745f636865636b7c693a313530373839303034363b7761726e696e677c733a303a22223b5f5f63695f766172737c613a313a7b733a373a227761726e696e67223b733a333a226e6577223b7d),
('m2efikbss18pjum19dthk5l23snmmcbi', '::1', 1507815050, 0x5f5f63695f6c6173745f726567656e65726174657c693a313530373831343932303b6964656e746974797c733a31353a2261646d696e40656d61696c2e636f6d223b656d61696c7c733a31353a2261646d696e40656d61696c2e636f6d223b757365725f69647c733a313a2234223b6f6c645f6c6173745f6c6f67696e7c733a31303a2231353037383030363032223b6c6173745f636865636b7c693a313530373830343539303b7761726e696e677c733a303a22223b5f5f63695f766172737c613a313a7b733a373a227761726e696e67223b733a333a226f6c64223b7d),
('m76k56afg7e0kpnhimtf17l403uq797k', '::1', 1507742805, 0x5f5f63695f6c6173745f726567656e65726174657c693a313530373734323730313b6964656e746974797c733a31343a226e6f746540656d61696c2e636f6d223b656d61696c7c733a31343a226e6f746540656d61696c2e636f6d223b757365725f69647c733a313a2232223b6f6c645f6c6173745f6c6f67696e7c733a31303a2231353037303234363036223b6c6173745f636865636b7c693a313530373733393633313b7761726e696e677c733a303a22223b5f5f63695f766172737c613a313a7b733a373a227761726e696e67223b733a333a226f6c64223b7d),
('ns5kbn1rv0ufjd7gdb4b39p26bh04ms9', '::1', 1507826752, 0x5f5f63695f6c6173745f726567656e65726174657c693a313530373832363437343b6964656e746974797c733a31353a2261646d696e40656d61696c2e636f6d223b656d61696c7c733a31353a2261646d696e40656d61696c2e636f6d223b757365725f69647c733a313a2234223b6f6c645f6c6173745f6c6f67696e7c733a31303a2231353037383030363032223b6c6173745f636865636b7c693a313530373830343539303b),
('ntdqoq2s59d2eiu6ccmq3rlpvnbavpo7', '::1', 1507890615, 0x5f5f63695f6c6173745f726567656e65726174657c693a313530373839303538373b6964656e746974797c733a31353a2261646d696e40656d61696c2e636f6d223b656d61696c7c733a31353a2261646d696e40656d61696c2e636f6d223b757365725f69647c733a313a2234223b6f6c645f6c6173745f6c6f67696e7c733a31303a2231353037383330333039223b6c6173745f636865636b7c693a313530373839303034363b),
('ofnn7ght9oc8edmjegtggv9qvsmv07bp', '::1', 1507819667, 0x5f5f63695f6c6173745f726567656e65726174657c693a313530373831393435323b6964656e746974797c733a31353a2261646d696e40656d61696c2e636f6d223b656d61696c7c733a31353a2261646d696e40656d61696c2e636f6d223b757365725f69647c733a313a2234223b6f6c645f6c6173745f6c6f67696e7c733a31303a2231353037383030363032223b6c6173745f636865636b7c693a313530373830343539303b7761726e696e677c733a303a22223b5f5f63695f766172737c613a313a7b733a373a227761726e696e67223b733a333a226e6577223b7d),
('p26lvembpsipoio4oj9cv2kq0atom2go', '::1', 1507817121, 0x5f5f63695f6c6173745f726567656e65726174657c693a313530373831363930393b6964656e746974797c733a31353a2261646d696e40656d61696c2e636f6d223b656d61696c7c733a31353a2261646d696e40656d61696c2e636f6d223b757365725f69647c733a313a2234223b6f6c645f6c6173745f6c6f67696e7c733a31303a2231353037383030363032223b6c6173745f636865636b7c693a313530373830343539303b7761726e696e677c733a303a22223b5f5f63695f766172737c613a313a7b733a373a227761726e696e67223b733a333a226e6577223b7d),
('pgctae9089tcdsmap0ho5iddrh2psg5g', '::1', 1507748313, 0x5f5f63695f6c6173745f726567656e65726174657c693a313530373734383330383b6964656e746974797c733a31343a226e6f746540656d61696c2e636f6d223b656d61696c7c733a31343a226e6f746540656d61696c2e636f6d223b757365725f69647c733a313a2232223b6f6c645f6c6173745f6c6f67696e7c733a31303a2231353037303234363036223b6c6173745f636865636b7c693a313530373733393633313b7761726e696e677c733a303a22223b5f5f63695f766172737c613a313a7b733a373a227761726e696e67223b733a333a226e6577223b7d),
('prdvv6338d3n266vuqrla1i8ds2fdn43', '::1', 1507825944, 0x5f5f63695f6c6173745f726567656e65726174657c693a313530373832353635323b6964656e746974797c733a31353a2261646d696e40656d61696c2e636f6d223b656d61696c7c733a31353a2261646d696e40656d61696c2e636f6d223b757365725f69647c733a313a2234223b6f6c645f6c6173745f6c6f67696e7c733a31303a2231353037383030363032223b6c6173745f636865636b7c693a313530373830343539303b),
('qs3jm9m8v6e6ml7f6ug1u6sl96fb6iq1', '::1', 1507879548, 0x5f5f63695f6c6173745f726567656e65726174657c693a313530373837393534363b6964656e746974797c733a31343a226e6f746540656d61696c2e636f6d223b656d61696c7c733a31343a226e6f746540656d61696c2e636f6d223b757365725f69647c733a313a2232223b6f6c645f6c6173745f6c6f67696e7c733a31303a2231353037383330323437223b6c6173745f636865636b7c693a313530373837383934303b7761726e696e677c733a303a22223b5f5f63695f766172737c613a313a7b733a373a227761726e696e67223b733a333a226e6577223b7d),
('qvhqga6kd28l1ea1vqhdmlv5nt133q3r', '::1', 1507802029, 0x5f5f63695f6c6173745f726567656e65726174657c693a313530373830313832363b6964656e746974797c733a31343a226e6f746540656d61696c2e636f6d223b656d61696c7c733a31343a226e6f746540656d61696c2e636f6d223b757365725f69647c733a313a2232223b6f6c645f6c6173745f6c6f67696e7c733a31303a2231353037383030353737223b6c6173745f636865636b7c693a313530373830303735353b7761726e696e677c733a303a22223b5f5f63695f766172737c613a313a7b733a373a227761726e696e67223b733a333a226e6577223b7d),
('r0g3cvobuphe75q7atgt1j5759dapjdg', '::1', 1507735855, 0x5f5f63695f6c6173745f726567656e65726174657c693a313530373733353731373b6964656e746974797c733a31343a227465737440656d61696c2e636f6d223b656d61696c7c733a31343a227465737440656d61696c2e636f6d223b757365725f69647c733a313a2235223b6f6c645f6c6173745f6c6f67696e7c733a31303a2231353035303630343534223b6c6173745f636865636b7c693a313530373733353534393b5f5f63695f766172737c613a323a7b733a373a2273756363657373223b733a333a226f6c64223b733a373a227761726e696e67223b733a333a226e6577223b7d737563636573737c733a35343a22e0b89ae0b8b1e0b899e0b897e0b8b6e0b881e0b882e0b989e0b8ade0b8a1e0b8b9e0b8a5e0b8aae0b8b3e0b980e0b8a3e0b987e0b888223b7761726e696e677c733a303a22223b),
('r2j00a7jp22jkcpnrpa4tu1gfi8uh0ml', '::1', 1507746179, 0x5f5f63695f6c6173745f726567656e65726174657c693a313530373734353935383b6964656e746974797c733a31343a226e6f746540656d61696c2e636f6d223b656d61696c7c733a31343a226e6f746540656d61696c2e636f6d223b757365725f69647c733a313a2232223b6f6c645f6c6173745f6c6f67696e7c733a31303a2231353037303234363036223b6c6173745f636865636b7c693a313530373733393633313b7761726e696e677c733a303a22223b5f5f63695f766172737c613a313a7b733a373a227761726e696e67223b733a333a226f6c64223b7d),
('tepcnlpmn432qdulcmbls400rev3ackf', '::1', 1507907248, 0x5f5f63695f6c6173745f726567656e65726174657c693a313530373930363935333b6964656e746974797c733a31353a2261646d696e40656d61696c2e636f6d223b656d61696c7c733a31353a2261646d696e40656d61696c2e636f6d223b757365725f69647c733a313a2234223b6f6c645f6c6173745f6c6f67696e7c733a31303a2231353037383930303436223b6c6173745f636865636b7c693a313530373930303037373b7761726e696e677c733a303a22223b5f5f63695f766172737c613a313a7b733a373a227761726e696e67223b733a333a226e6577223b7d),
('ui5ce4ou4rj8dua0u2pkd5in6sbb8m31', '::1', 1507735674, 0x5f5f63695f6c6173745f726567656e65726174657c693a313530373733353337343b6964656e746974797c733a31343a227465737440656d61696c2e636f6d223b656d61696c7c733a31343a227465737440656d61696c2e636f6d223b757365725f69647c733a313a2235223b6f6c645f6c6173745f6c6f67696e7c733a31303a2231353035303630343534223b6c6173745f636865636b7c693a313530373733353534393b5f5f63695f766172737c613a323a7b733a373a2273756363657373223b733a333a226f6c64223b733a373a227761726e696e67223b733a333a226e6577223b7d737563636573737c733a35343a22e0b89ae0b8b1e0b899e0b897e0b8b6e0b881e0b882e0b989e0b8ade0b8a1e0b8b9e0b8a5e0b8aae0b8b3e0b980e0b8a3e0b987e0b888223b7761726e696e677c733a303a22223b),
('uiaba2h6i17ntsbe8gpi7ffvr08qpu6h', '::1', 1507809965, 0x5f5f63695f6c6173745f726567656e65726174657c693a313530373830393936303b6964656e746974797c733a31353a2261646d696e40656d61696c2e636f6d223b656d61696c7c733a31353a2261646d696e40656d61696c2e636f6d223b757365725f69647c733a313a2234223b6f6c645f6c6173745f6c6f67696e7c733a31303a2231353037383030363032223b6c6173745f636865636b7c693a313530373830343539303b7761726e696e677c733a303a22223b5f5f63695f766172737c613a313a7b733a373a227761726e696e67223b733a333a226e6577223b7d),
('umbcujs1urr0lrr4ibocss0lh20eidq0', '::1', 1507881492, 0x5f5f63695f6c6173745f726567656e65726174657c693a313530373838313436353b6964656e746974797c733a31343a226e6f746540656d61696c2e636f6d223b656d61696c7c733a31343a226e6f746540656d61696c2e636f6d223b757365725f69647c733a313a2232223b6f6c645f6c6173745f6c6f67696e7c733a31303a2231353037383330323437223b6c6173745f636865636b7c693a313530373837383934303b7761726e696e677c733a303a22223b5f5f63695f766172737c613a313a7b733a373a227761726e696e67223b733a333a226e6577223b7d),
('v114fsvmq4kg4g1n2qch6i2a8cvic58o', '::1', 1507827292, 0x5f5f63695f6c6173745f726567656e65726174657c693a313530373832373230393b6964656e746974797c733a31353a2261646d696e40656d61696c2e636f6d223b656d61696c7c733a31353a2261646d696e40656d61696c2e636f6d223b757365725f69647c733a313a2234223b6f6c645f6c6173745f6c6f67696e7c733a31303a2231353037383030363032223b6c6173745f636865636b7c693a313530373830343539303b),
('v15uat0ufpjenfnns57v5r2tmbilt6d1', '::1', 1507801437, 0x5f5f63695f6c6173745f726567656e65726174657c693a313530373830313137363b6964656e746974797c733a31343a226e6f746540656d61696c2e636f6d223b656d61696c7c733a31343a226e6f746540656d61696c2e636f6d223b757365725f69647c733a313a2232223b6f6c645f6c6173745f6c6f67696e7c733a31303a2231353037383030353737223b6c6173745f636865636b7c693a313530373830303735353b7761726e696e677c733a303a22223b5f5f63695f766172737c613a313a7b733a373a227761726e696e67223b733a333a226e6577223b7d),
('v2i15fles1v3au4q4vtl50ef78q93mh8', '::1', 1507907612, 0x5f5f63695f6c6173745f726567656e65726174657c693a313530373930373331353b6964656e746974797c733a31353a2261646d696e40656d61696c2e636f6d223b656d61696c7c733a31353a2261646d696e40656d61696c2e636f6d223b757365725f69647c733a313a2234223b6f6c645f6c6173745f6c6f67696e7c733a31303a2231353037383930303436223b6c6173745f636865636b7c693a313530373930303037373b7761726e696e677c733a303a22223b5f5f63695f766172737c613a313a7b733a373a227761726e696e67223b733a333a226e6577223b7d),
('vas7dlbb5o6skp3k9o2o1reau4hhk014', '::1', 1507900978, 0x5f5f63695f6c6173745f726567656e65726174657c693a313530373930303730313b6964656e746974797c733a31353a2261646d696e40656d61696c2e636f6d223b656d61696c7c733a31353a2261646d696e40656d61696c2e636f6d223b757365725f69647c733a313a2234223b6f6c645f6c6173745f6c6f67696e7c733a31303a2231353037383930303436223b6c6173745f636865636b7c693a313530373930303037373b7761726e696e677c733a303a22223b5f5f63695f766172737c613a313a7b733a373a227761726e696e67223b733a333a226e6577223b7d),
('vcutmi8m77n3v0q3ra9ju5j3o28nf67v', '::1', 1507742530, 0x5f5f63695f6c6173745f726567656e65726174657c693a313530373734323235303b6964656e746974797c733a31343a226e6f746540656d61696c2e636f6d223b656d61696c7c733a31343a226e6f746540656d61696c2e636f6d223b757365725f69647c733a313a2232223b6f6c645f6c6173745f6c6f67696e7c733a31303a2231353037303234363036223b6c6173745f636865636b7c693a313530373733393633313b6d6573736167657c733a36303a22e0b8ade0b8b1e0b89ee0b982e0b8abe0b8a5e0b894e0b984e0b89fe0b8a5e0b98ce0b980e0b8aae0b8a3e0b987e0b888e0b8aae0b8b4e0b989e0b899223b5f5f63695f766172737c613a313a7b733a373a226d657373616765223b733a333a226f6c64223b7d);

-- --------------------------------------------------------

--
-- Table structure for table `skills`
--

CREATE TABLE `skills` (
  `id` int(11) NOT NULL,
  `user_id` int(11) NOT NULL COMMENT 'ไอดีผู้สมัคร',
  `admin_id` int(11) DEFAULT NULL COMMENT 'ไอดีผู้อนุมัติ',
  `approve_date` varchar(11) COLLATE utf8_unicode_ci DEFAULT NULL COMMENT 'วันที่อนุมัติ',
  `approve_schedule` varchar(11) COLLATE utf8_unicode_ci NOT NULL COMMENT 'วันที่กำหนดการสอบ',
  `approve_status` varchar(10) COLLATE utf8_unicode_ci NOT NULL COMMENT 'สถานะการอนุมัติ',
  `approve_remark` text COLLATE utf8_unicode_ci NOT NULL COMMENT 'หมายเหตุ',
  `date_create` varchar(11) COLLATE utf8_unicode_ci NOT NULL COMMENT 'วันที่ยื่นคำร้อง',
  `date_update` varchar(11) COLLATE utf8_unicode_ci DEFAULT NULL COMMENT 'วันที่อัพเดท',
  `status` varchar(10) COLLATE utf8_unicode_ci NOT NULL COMMENT 'สถานะการสอบ',
  `profile` text COLLATE utf8_unicode_ci COMMENT 'ข้อมูลผู้สมัคร',
  `address` text COLLATE utf8_unicode_ci COMMENT 'ข้อมูลที่อยู่และการติดต่อ',
  `address_current` text COLLATE utf8_unicode_ci COMMENT 'ข้อมูลที่อยู่ปัจจุบัน',
  `education` text COLLATE utf8_unicode_ci COMMENT 'ข้อมูลการศึกษา',
  `work` text COLLATE utf8_unicode_ci COMMENT 'ข้อมูลการทำงาน',
  `career1` varchar(150) COLLATE utf8_unicode_ci DEFAULT NULL COMMENT 'สาขาอาชีพที่ขอรับ',
  `schedule1` varchar(11) COLLATE utf8_unicode_ci DEFAULT NULL COMMENT 'กำหนดวันประเมิน	',
  `career2` varchar(150) COLLATE utf8_unicode_ci DEFAULT NULL COMMENT 'สาขาอาชีพที่ขอรับ',
  `schedule2` varchar(11) COLLATE utf8_unicode_ci DEFAULT NULL COMMENT 'กำหนดวันประเมิน	',
  `career3` varchar(150) COLLATE utf8_unicode_ci DEFAULT NULL COMMENT 'สาขาอาชีพที่ขอรับ',
  `schedule3` varchar(11) COLLATE utf8_unicode_ci DEFAULT NULL COMMENT 'กำหนดวันประเมิน',
  `career4` varchar(150) COLLATE utf8_unicode_ci DEFAULT NULL COMMENT 'สาขาอาชีพที่ขอรับ',
  `schedule4` varchar(11) COLLATE utf8_unicode_ci DEFAULT NULL COMMENT 'กำหนดวันประเมิน',
  `career5` varchar(150) COLLATE utf8_unicode_ci DEFAULT NULL COMMENT 'สาขาอาชีพที่ขอรับ',
  `schedule5` varchar(11) COLLATE utf8_unicode_ci DEFAULT NULL COMMENT 'กำหนดวันประเมิน',
  `reference` text COLLATE utf8_unicode_ci COMMENT 'หลักฐานประกอบการสมัคร',
  `assets_id` text COLLATE utf8_unicode_ci NOT NULL COMMENT 'ไอดีไฟล์เอกสาร'
) ENGINE=InnoDB DEFAULT CHARSET=utf8 COLLATE=utf8_unicode_ci;

--
-- Dumping data for table `skills`
--

INSERT INTO `skills` (`id`, `user_id`, `admin_id`, `approve_date`, `approve_schedule`, `approve_status`, `approve_remark`, `date_create`, `date_update`, `status`, `profile`, `address`, `address_current`, `education`, `work`, `career1`, `schedule1`, `career2`, `schedule2`, `career3`, `schedule3`, `career4`, `schedule4`, `career5`, `schedule5`, `reference`, `assets_id`) VALUES
(3, 2, 4, '1507900451', '', 'accept', '', '1505757378', '1506972998', 'ไม่ผ่าน', 'a:7:{s:5:\"title\";s:9:\"นาย\";s:9:\"firstname\";s:4:\"Udom\";s:8:\"lastname\";s:9:\"Taepanich\";s:11:\"nationality\";s:4:\"Thai\";s:5:\"blood\";s:1:\"O\";s:7:\"id_card\";s:13:\"1000000000000\";s:9:\"birthdate\";i:-252486000;}', 'a:11:{s:7:\"address\";s:2:\"10\";s:6:\"street\";s:2:\"10\";s:6:\"tambon\";s:2:\"10\";s:3:\"moo\";s:2:\"10\";s:3:\"soi\";s:2:\"10\";s:6:\"amphur\";s:2:\"10\";s:8:\"province\";s:2:\"10\";s:3:\"zip\";s:5:\"10000\";s:5:\"phone\";s:10:\"0000000000\";s:3:\"fax\";s:10:\"0000000000\";s:5:\"email\";s:14:\"note@email.com\";}', 'a:11:{s:7:\"address\";s:2:\"10\";s:6:\"street\";s:2:\"10\";s:6:\"tambon\";s:2:\"10\";s:3:\"moo\";s:2:\"10\";s:3:\"soi\";s:2:\"10\";s:6:\"amphur\";s:2:\"10\";s:8:\"province\";s:2:\"10\";s:3:\"zip\";s:5:\"10000\";s:5:\"phone\";s:10:\"1000000000\";s:3:\"fax\";s:10:\"1000000000\";s:5:\"email\";s:14:\"test@email.com\";}', 'a:3:{s:6:\"degree\";s:2:\"no\";s:6:\"branch\";s:2:\"no\";s:5:\"place\";s:2:\"no\";}', 'a:2:{s:6:\"career\";s:2:\"no\";s:5:\"place\";s:2:\"no\";}', 'c1', NULL, 'c2', NULL, 'c3', NULL, NULL, NULL, NULL, NULL, 'a:2:{s:7:\"picture\";s:7:\"picture\";s:3:\"etc\";s:4:\"none\";}', 'a:3:{i:0;s:2:\"11\";i:1;s:2:\"12\";i:2;s:2:\"13\";}'),
(4, 2, 0, '', '', '', '', '1505844769', NULL, '', 'a:7:{s:5:\"title\";s:9:\"นาย\";s:9:\"firstname\";s:4:\"Udom\";s:8:\"lastname\";s:9:\"Taepanich\";s:11:\"nationality\";s:4:\"Thai\";s:5:\"blood\";s:0:\"\";s:7:\"id_card\";s:13:\"0000000000000\";s:9:\"birthdate\";i:-252486000;}', 'a:9:{s:7:\"address\";s:0:\"\";s:6:\"street\";s:0:\"\";s:6:\"tambon\";s:0:\"\";s:6:\"amphur\";s:0:\"\";s:8:\"province\";s:0:\"\";s:3:\"zip\";s:0:\"\";s:5:\"phone\";s:0:\"\";s:3:\"fax\";s:0:\"\";s:5:\"email\";s:14:\"note@email.com\";}', 'a:9:{s:7:\"address\";s:0:\"\";s:6:\"street\";s:0:\"\";s:6:\"tambon\";s:0:\"\";s:6:\"amphur\";s:0:\"\";s:8:\"province\";s:0:\"\";s:3:\"zip\";s:0:\"\";s:5:\"phone\";s:0:\"\";s:3:\"fax\";s:0:\"\";s:5:\"email\";s:14:\"note@email.com\";}', 'a:3:{s:6:\"degree\";s:0:\"\";s:6:\"branch\";s:0:\"\";s:5:\"place\";s:0:\"\";}', 'a:2:{s:6:\"career\";s:0:\"\";s:5:\"place\";s:0:\"\";}', 'c4', NULL, 'c5', NULL, NULL, NULL, NULL, NULL, NULL, NULL, 'a:2:{s:4:\"copy\";s:0:\"\";s:3:\"etc\";s:0:\"\";}', '');

-- --------------------------------------------------------

--
-- Table structure for table `standards`
--

CREATE TABLE `standards` (
  `id` int(11) NOT NULL,
  `user_id` int(11) NOT NULL COMMENT 'ไอดีผู้สมัคร',
  `admin_id` int(11) NOT NULL COMMENT 'ไอดีผู้อนุมัติ',
  `approve_date` varchar(11) COLLATE utf8_unicode_ci NOT NULL COMMENT 'วันที่อนุมัติ',
  `approve_schedule` varchar(11) COLLATE utf8_unicode_ci NOT NULL COMMENT 'วันที่กำหนดการสอบ',
  `approve_status` varchar(10) COLLATE utf8_unicode_ci NOT NULL COMMENT 'สถานะการอนุมัติ',
  `approve_remark` text COLLATE utf8_unicode_ci NOT NULL COMMENT 'หมายเหตุ',
  `date_create` varchar(11) COLLATE utf8_unicode_ci NOT NULL COMMENT 'วันที่ยื่นคำร้อง',
  `date_update` varchar(11) COLLATE utf8_unicode_ci NOT NULL COMMENT 'วันที่แก้ไขคำร้อง',
  `status` varchar(10) COLLATE utf8_unicode_ci NOT NULL COMMENT 'สถานะการสอบ',
  `department` varchar(100) COLLATE utf8_unicode_ci NOT NULL COMMENT 'หน่วยงาน',
  `branch` varchar(100) COLLATE utf8_unicode_ci NOT NULL COMMENT 'สาขาอาชีพ',
  `level` varchar(100) COLLATE utf8_unicode_ci NOT NULL COMMENT 'ระดับ',
  `category` varchar(100) COLLATE utf8_unicode_ci NOT NULL COMMENT 'ประเภทการสอบ',
  `profile` text COLLATE utf8_unicode_ci COMMENT 'ข้อมูลผู้สมัคร',
  `address` text COLLATE utf8_unicode_ci COMMENT 'ข้อมูลที่อยู่และการติดต่อ',
  `type` varchar(255) COLLATE utf8_unicode_ci NOT NULL COMMENT 'ประเภทผู้สมัคร',
  `health` varchar(50) COLLATE utf8_unicode_ci NOT NULL COMMENT 'สถานะสภาพร่างกาย',
  `health_status` varchar(100) COLLATE utf8_unicode_ci NOT NULL COMMENT 'คำอธิบายสภาพร่างกาย',
  `education` text COLLATE utf8_unicode_ci NOT NULL COMMENT 'ข้อมูลการศึกษา',
  `work_status` varchar(50) COLLATE utf8_unicode_ci NOT NULL COMMENT 'สถานภาพการทำงาน',
  `work_yes` text COLLATE utf8_unicode_ci COMMENT 'ข้อมูลการทำงาน',
  `work_no` varchar(100) COLLATE utf8_unicode_ci DEFAULT NULL COMMENT 'ข้อมูลการว่างงาน',
  `used` varchar(100) COLLATE utf8_unicode_ci NOT NULL COMMENT 'ประวัติการเข้ารับการทดสอบ',
  `used_place` varchar(100) COLLATE utf8_unicode_ci NOT NULL COMMENT 'สถานที่เข้ารับการทดสอบ',
  `need_work_status` varchar(100) COLLATE utf8_unicode_ci NOT NULL COMMENT 'ความต้องการหางาน',
  `need_work_position` varchar(100) COLLATE utf8_unicode_ci NOT NULL COMMENT 'ตำแหน่ง/อาชีพ',
  `need_work_group` varchar(100) COLLATE utf8_unicode_ci NOT NULL COMMENT 'กลุ่มอุตสาหกรรม',
  `need_work_country` varchar(100) COLLATE utf8_unicode_ci NOT NULL COMMENT 'ประเทศที่ต้องการทำงาน',
  `work_abroad` text COLLATE utf8_unicode_ci COMMENT 'ข้อมูลกรณีไปทำงานต่างประเทศ',
  `reason` varchar(100) COLLATE utf8_unicode_ci NOT NULL COMMENT 'เหตุผลในการสมัครเข้ารับการทดสอบ',
  `source` varchar(100) COLLATE utf8_unicode_ci NOT NULL COMMENT 'แหล่งทราบข้อมูลการเปิดรับสมัคร',
  `allow` int(1) NOT NULL COMMENT 'ยินยอมให้เปิดเผยข้อมูล',
  `reference` text COLLATE utf8_unicode_ci NOT NULL COMMENT 'หลักฐานประกอบการสมัคร',
  `assets_id` text COLLATE utf8_unicode_ci NOT NULL COMMENT 'ไอดีไฟล์เอกสาร'
) ENGINE=InnoDB DEFAULT CHARSET=utf8 COLLATE=utf8_unicode_ci;

--
-- Dumping data for table `standards`
--

INSERT INTO `standards` (`id`, `user_id`, `admin_id`, `approve_date`, `approve_schedule`, `approve_status`, `approve_remark`, `date_create`, `date_update`, `status`, `department`, `branch`, `level`, `category`, `profile`, `address`, `type`, `health`, `health_status`, `education`, `work_status`, `work_yes`, `work_no`, `used`, `used_place`, `need_work_status`, `need_work_position`, `need_work_group`, `need_work_country`, `work_abroad`, `reason`, `source`, `allow`, `reference`, `assets_id`) VALUES
(1, 2, 0, '', '', '', '', '1504460010', '', '', '', '', '', 'ทดสอบมาตรฐานฝีมือแรงงานแห่งชาติ', 'a:7:{s:5:\"title\";s:9:\"นาย\";s:9:\"firstname\";s:4:\"Udom\";s:8:\"lastname\";s:9:\"Taepanich\";s:8:\"fullname\";s:0:\"\";s:8:\"religion\";s:8:\"Buddhism\";s:11:\"nationality\";s:8:\"Thailand\";s:9:\"birthdate\";i:226170000;}', 'a:9:{s:7:\"address\";s:0:\"\";s:6:\"street\";s:0:\"\";s:6:\"tambon\";s:0:\"\";s:6:\"amphur\";s:0:\"\";s:8:\"province\";s:0:\"\";s:3:\"zip\";s:0:\"\";s:5:\"email\";s:14:\"note@email.com\";s:5:\"phone\";s:10:\"0000000000\";s:3:\"fax\";s:10:\"0000000000\";}', 'standards', 'ปกติ', '', 'a:5:{s:6:\"degree\";s:0:\"\";s:6:\"branch\";s:0:\"\";s:5:\"place\";s:0:\"\";s:8:\"province\";s:0:\"\";s:4:\"year\";s:0:\"\";}', '0', NULL, NULL, '', '', '0', '', '', '', 'a:11:{s:5:\"agent\";s:0:\"\";s:7:\"company\";s:0:\"\";s:7:\"address\";s:0:\"\";s:6:\"street\";s:0:\"\";s:6:\"tambon\";s:0:\"\";s:6:\"amphur\";s:0:\"\";s:8:\"province\";s:0:\"\";s:3:\"zip\";s:0:\"\";s:5:\"phone\";s:0:\"\";s:7:\"country\";s:0:\"\";s:8:\"duration\";s:0:\"\";}', '', '', 0, 'a:1:{i:0;s:0:\"\";}', 'a:2:{i:0;s:2:\"11\";i:1;s:2:\"14\";}'),
(2, 2, 4, '1507900389', '', 'reject', 'missing something.', '1505758663', '1507742273', 'ผ่าน', 'หน่วยงานพิเศษ', 'อาชีพพิเศษ', 'ระดับชำนาญการพิเศษ', 'ทดสอบมาตรฐานฝีมือแรงงานแห่งชาติ', 'a:8:{s:5:\"title\";s:9:\"นาย\";s:9:\"firstname\";s:4:\"Udom\";s:8:\"lastname\";s:9:\"Taepanich\";s:8:\"fullname\";s:8:\"Udom TPN\";s:8:\"religion\";s:2:\"No\";s:11:\"nationality\";s:4:\"Thai\";s:7:\"id_card\";s:13:\"1000000000000\";s:9:\"birthdate\";i:-252486000;}', 'a:9:{s:7:\"address\";s:2:\"10\";s:6:\"street\";s:2:\"10\";s:6:\"tambon\";s:2:\"10\";s:6:\"amphur\";s:2:\"10\";s:8:\"province\";s:2:\"10\";s:3:\"zip\";s:5:\"10000\";s:5:\"email\";s:14:\"note@email.com\";s:5:\"phone\";s:10:\"1000000000\";s:3:\"fax\";s:10:\"1000000000\";}', 'standards', 'ปกติ', '', 'a:5:{s:6:\"degree\";s:30:\"ประถมศึกษา\";s:6:\"branch\";s:2:\"no\";s:5:\"place\";s:2:\"no\";s:8:\"province\";s:2:\"no\";s:4:\"year\";s:4:\"2540\";}', 'ผู้ไม่มีงานทำ', NULL, 'อยู่ระหว่างหางาน', 'เคย', 'ในสถานประกอบกิจการ', 'ต้องการจัดหางานในประเทศ', 'ลูกจ้าง', 'เฟอร์นิเจอร์', '', NULL, '', '', 1, 'a:3:{s:5:\"refer\";s:126:\"สำเนาวุฒิการศึกษาหรือหนังสือรับรองการทำงาน\";s:4:\"copy\";s:132:\"สำเนาบัตรประจำตัวประชาชนหรือสำเนาทะเบียนบ้าน\";s:3:\"etc\";s:0:\"\";}', 'a:2:{i:0;s:2:\"11\";i:1;s:2:\"14\";}'),
(3, 2, 4, '1507900631', '', 'accept', '', '1505844725', '1507749184', '', 'tewre', 'resrtse', 'tertert', 'ทดสอบฝีมือคนหางานเพื่อไปทำงานในต่างประเทศ', 'a:8:{s:5:\"title\";s:9:\"นาย\";s:9:\"firstname\";s:4:\"Udom\";s:8:\"lastname\";s:9:\"Taepanich\";s:8:\"fullname\";s:0:\"\";s:8:\"religion\";s:2:\"No\";s:11:\"nationality\";s:4:\"Thai\";s:7:\"id_card\";s:13:\"0000000000000\";s:9:\"birthdate\";i:-252486000;}', 'a:9:{s:7:\"address\";s:0:\"\";s:6:\"street\";s:0:\"\";s:6:\"tambon\";s:0:\"\";s:6:\"amphur\";s:0:\"\";s:8:\"province\";s:0:\"\";s:3:\"zip\";s:0:\"\";s:5:\"email\";s:14:\"note@email.com\";s:5:\"phone\";s:0:\"\";s:3:\"fax\";s:0:\"\";}', 'standards', 'ปกติ', '', 'a:5:{s:6:\"degree\";s:0:\"\";s:6:\"branch\";s:0:\"\";s:5:\"place\";s:0:\"\";s:8:\"province\";s:0:\"\";s:4:\"year\";s:0:\"\";}', '', NULL, NULL, '', '', 'ไม่ต้องการ', '', '', '', NULL, '', '', 1, 'a:1:{s:3:\"etc\";s:0:\"\";}', '');

-- --------------------------------------------------------

--
-- Table structure for table `users`
--

CREATE TABLE `users` (
  `id` int(11) UNSIGNED NOT NULL,
  `ip_address` varchar(45) NOT NULL COMMENT 'ไอพีแอดเดรส',
  `username` varchar(100) DEFAULT NULL COMMENT 'ชื่อล็อกอิน',
  `password` varchar(255) NOT NULL COMMENT 'รหัสผ่าน',
  `title` varchar(20) NOT NULL COMMENT 'คำนำหน้า',
  `firstname` varchar(10) NOT NULL COMMENT 'ชื่อ',
  `lastname` varchar(100) NOT NULL COMMENT 'นามสกุล',
  `religion` varchar(100) NOT NULL COMMENT 'ศาสนา',
  `nationality` varchar(100) NOT NULL COMMENT 'เชื้อชาติ',
  `id_card` varchar(13) NOT NULL COMMENT 'เลขบัตรประชาชน',
  `birthdate` varchar(11) NOT NULL COMMENT 'วันเกิด',
  `address` text NOT NULL COMMENT 'ที่อยู่',
  `address_current` text NOT NULL COMMENT 'ที่อยู่ปัจจุบัน',
  `phone` varchar(10) NOT NULL COMMENT 'โทรศัพท์',
  `fax` varchar(10) NOT NULL COMMENT 'โทรศัพท์',
  `salt` varchar(255) DEFAULT NULL COMMENT 'คีย์เวิร์ดรหัสผ่าน',
  `email` varchar(100) NOT NULL COMMENT 'อีเมล์',
  `activation_code` varchar(40) DEFAULT NULL COMMENT 'รหัสยืนยันการลงทะเบียน',
  `forgotten_password_code` varchar(40) DEFAULT NULL COMMENT 'รหัสยืนยันการลืมรหัสผ่าน',
  `forgotten_password_time` int(11) UNSIGNED DEFAULT NULL COMMENT 'เวลายืนยันการลืมรหัสผ่าน',
  `remember_code` varchar(40) DEFAULT NULL COMMENT 'การจดจำ',
  `created_on` int(11) UNSIGNED NOT NULL COMMENT 'วันที่สมัคร',
  `last_login` int(11) UNSIGNED DEFAULT NULL COMMENT 'วันที่ล็อกอิน',
  `active` tinyint(1) UNSIGNED DEFAULT NULL COMMENT 'สถานะ'
) ENGINE=InnoDB DEFAULT CHARSET=utf8;

--
-- Dumping data for table `users`
--

INSERT INTO `users` (`id`, `ip_address`, `username`, `password`, `title`, `firstname`, `lastname`, `religion`, `nationality`, `id_card`, `birthdate`, `address`, `address_current`, `phone`, `fax`, `salt`, `email`, `activation_code`, `forgotten_password_code`, `forgotten_password_time`, `remember_code`, `created_on`, `last_login`, `active`) VALUES
(2, '::1', 'note@email.com', '$2y$08$HE.moGh00E8Y1ETaGqN.2eUyCoLYOp/ls0iFwiSsG.i9gvw.LWuJa', 'นาย', 'Udom', 'Taepanich', 'No', 'Thai', '0000000000000', '-252486000', 'a:6:{s:7:\"address\";s:0:\"\";s:6:\"street\";s:0:\"\";s:6:\"tambon\";s:0:\"\";s:6:\"amphur\";s:0:\"\";s:8:\"province\";s:0:\"\";s:3:\"zip\";s:0:\"\";}', 'a:6:{s:7:\"address\";s:0:\"\";s:6:\"street\";s:0:\"\";s:6:\"tambon\";s:0:\"\";s:6:\"amphur\";s:0:\"\";s:8:\"province\";s:0:\"\";s:3:\"zip\";s:0:\"\";}', '', '', NULL, 'note@email.com', NULL, NULL, NULL, NULL, 1503303079, 1507900068, 1),
(3, '::1', 'pop@email.com', '$2y$08$j12Y8j/o3PFiiheN.wyO9O4SSMEUQytEk0sucl4gBqRXphof8XxnW', '', '', '', '', '', '', '', '', '', '', '', NULL, 'pop@email.com', NULL, NULL, NULL, NULL, 1503303097, 1507738671, 1),
(4, '::1', 'admin@email.com', '$2y$08$RI5YYa/PZj7F52e119k8fu/QzxCqET/IYf6z9mduWx/I1MIktFXS.', 'นาย', 'Admin', 'Istrator', 'World', 'World', '0000000000001', '-410252400', 'a:6:{s:7:\"address\";s:3:\"000\";s:6:\"street\";s:3:\"000\";s:6:\"tambon\";s:3:\"000\";s:6:\"amphur\";s:3:\"000\";s:8:\"province\";s:3:\"000\";s:3:\"zip\";s:5:\"00000\";}', 'a:6:{s:7:\"address\";s:3:\"000\";s:6:\"street\";s:3:\"000\";s:6:\"tambon\";s:3:\"000\";s:6:\"amphur\";s:3:\"000\";s:8:\"province\";s:3:\"000\";s:3:\"zip\";s:5:\"00000\";}', '0000000000', '0000000000', NULL, 'admin@email.com', NULL, NULL, NULL, NULL, 1503325808, 1507900077, 1),
(5, '::1', 'test@email.com', '$2y$08$mJYJGwtluYem5AXntzfY6eZCM6Ktu61781kXsQjcNuTr63b9DUgRe', '', '', '', '', '', '', '', '', '', '0000000000', '0000000000', NULL, 'test@email.com', NULL, NULL, NULL, NULL, 1505060447, 1507737098, 1);

-- --------------------------------------------------------

--
-- Table structure for table `users_groups`
--

CREATE TABLE `users_groups` (
  `id` int(11) UNSIGNED NOT NULL,
  `user_id` int(11) UNSIGNED NOT NULL COMMENT 'ไอดีผู้ใช้',
  `group_id` mediumint(8) UNSIGNED NOT NULL COMMENT 'ไอดีกลุ่ม'
) ENGINE=InnoDB DEFAULT CHARSET=utf8;

--
-- Dumping data for table `users_groups`
--

INSERT INTO `users_groups` (`id`, `user_id`, `group_id`) VALUES
(3, 2, 2),
(4, 3, 2),
(5, 4, 1),
(6, 5, 2);

--
-- Indexes for dumped tables
--

--
-- Indexes for table `assets`
--
ALTER TABLE `assets`
  ADD PRIMARY KEY (`id`);

--
-- Indexes for table `assets_by`
--
ALTER TABLE `assets_by`
  ADD PRIMARY KEY (`id`);

--
-- Indexes for table `groups`
--
ALTER TABLE `groups`
  ADD PRIMARY KEY (`id`);

--
-- Indexes for table `login_attempts`
--
ALTER TABLE `login_attempts`
  ADD PRIMARY KEY (`id`);

--
-- Indexes for table `news`
--
ALTER TABLE `news`
  ADD PRIMARY KEY (`id`);

--
-- Indexes for table `sessions`
--
ALTER TABLE `sessions`
  ADD PRIMARY KEY (`id`,`ip_address`),
  ADD KEY `ci_sessions_timestamp` (`timestamp`);

--
-- Indexes for table `skills`
--
ALTER TABLE `skills`
  ADD PRIMARY KEY (`id`);

--
-- Indexes for table `standards`
--
ALTER TABLE `standards`
  ADD PRIMARY KEY (`id`);

--
-- Indexes for table `users`
--
ALTER TABLE `users`
  ADD PRIMARY KEY (`id`);

--
-- Indexes for table `users_groups`
--
ALTER TABLE `users_groups`
  ADD PRIMARY KEY (`id`),
  ADD UNIQUE KEY `uc_users_groups` (`user_id`,`group_id`),
  ADD KEY `fk_users_groups_users1_idx` (`user_id`),
  ADD KEY `fk_users_groups_groups1_idx` (`group_id`);

--
-- AUTO_INCREMENT for dumped tables
--

--
-- AUTO_INCREMENT for table `assets`
--
ALTER TABLE `assets`
  MODIFY `id` int(11) NOT NULL AUTO_INCREMENT, AUTO_INCREMENT=40;
--
-- AUTO_INCREMENT for table `assets_by`
--
ALTER TABLE `assets_by`
  MODIFY `id` int(11) NOT NULL AUTO_INCREMENT, AUTO_INCREMENT=40;
--
-- AUTO_INCREMENT for table `groups`
--
ALTER TABLE `groups`
  MODIFY `id` mediumint(8) UNSIGNED NOT NULL AUTO_INCREMENT, AUTO_INCREMENT=3;
--
-- AUTO_INCREMENT for table `login_attempts`
--
ALTER TABLE `login_attempts`
  MODIFY `id` int(11) UNSIGNED NOT NULL AUTO_INCREMENT, AUTO_INCREMENT=2;
--
-- AUTO_INCREMENT for table `news`
--
ALTER TABLE `news`
  MODIFY `id` int(11) NOT NULL AUTO_INCREMENT, AUTO_INCREMENT=6;
--
-- AUTO_INCREMENT for table `skills`
--
ALTER TABLE `skills`
  MODIFY `id` int(11) NOT NULL AUTO_INCREMENT, AUTO_INCREMENT=5;
--
-- AUTO_INCREMENT for table `standards`
--
ALTER TABLE `standards`
  MODIFY `id` int(11) NOT NULL AUTO_INCREMENT, AUTO_INCREMENT=4;
--
-- AUTO_INCREMENT for table `users`
--
ALTER TABLE `users`
  MODIFY `id` int(11) UNSIGNED NOT NULL AUTO_INCREMENT, AUTO_INCREMENT=6;
--
-- AUTO_INCREMENT for table `users_groups`
--
ALTER TABLE `users_groups`
  MODIFY `id` int(11) UNSIGNED NOT NULL AUTO_INCREMENT, AUTO_INCREMENT=7;
--
-- Constraints for dumped tables
--

--
-- Constraints for table `users_groups`
--
ALTER TABLE `users_groups`
  ADD CONSTRAINT `fk_users_groups_groups1` FOREIGN KEY (`group_id`) REFERENCES `groups` (`id`) ON DELETE CASCADE ON UPDATE NO ACTION,
  ADD CONSTRAINT `fk_users_groups_users1` FOREIGN KEY (`user_id`) REFERENCES `users` (`id`) ON DELETE CASCADE ON UPDATE NO ACTION;
COMMIT;

/*!40101 SET CHARACTER_SET_CLIENT=@OLD_CHARACTER_SET_CLIENT */;
/*!40101 SET CHARACTER_SET_RESULTS=@OLD_CHARACTER_SET_RESULTS */;
/*!40101 SET COLLATION_CONNECTION=@OLD_COLLATION_CONNECTION */;
